sample,real,imag
0,1.00000000,0.00000000
1,-0.10568197,0.99439996
2,-0.97766262,-0.21018031
3,0.31232461,-0.94997543
4,0.91164845,0.41097087
5,-0.50501424,0.86311102
6,-0.80490667,-0.59340143
7,0.67514247,-0.73768735
8,0.66220587,0.74932194
9,-0.81510895,0.57930768
10,-0.48992124,-0.87176669
11,0.91866064,-0.39504763
12,0.29574949,0.95526552
13,-0.98117143,0.19313894
14,-0.08836522,-0.99608815
15,0.99984866,0.01739820
16,-0.12296675,0.99241078
17,-0.97385788,-0.22715807
18,0.32880521,-0.94439775
19,0.90436035,0.42676973
20,-0.51995438,0.85419405
21,-0.79446071,-0.60731554
22,0.68787473,-0.72582942
23,0.64906877,0.76072973
24,-0.82506448,0.56503856
25,-0.47467986,-0.88015854
26,0.92539471,-0.37900475
27,0.27908477,0.96026647
28,-0.98438317,0.17603903
29,-0.07102164,-0.99747479
30,0.99939460,0.03479120
31,-0.14021437,0.99012119
32,-0.96975833,-0.24406713
33,0.34518635,-0.93853414
34,0.89679837,0.44243944
35,-0.53473723,0.84501839
36,-0.78377420,-0.62104589
37,0.70039886,-0.71375167
38,0.63573509,0.77190727
39,-0.83477032,0.55059826
40,-0.45929474,-0.88828391
41,0.93184870,-0.36284706
42,0.26233551,0.96497673
43,-0.98729700,0.15888575
44,-0.05365648,-0.99855947
45,0.99863803,0.05217374
46,-0.15741962,0.98753178
47,-0.96536517,-0.26090240
48,0.36146304,-0.93238646
49,0.88896489,0.45797530
50,-0.54935819,0.83558697
51,-0.77285039,-0.63458830
52,0.71271098,-0.70145786
53,0.62220895,0.78285122
54,-0.84422350,0.53599131
55,-0.44377050,-0.89614046
56,0.93802059,-0.34657946
57,0.24550673,0.96939486
58,-0.98991191,0.14168431
59,-0.03627500,-0.99934185
60,0.99757910,0.06954058
61,-0.17457730,0.98464346
62,-0.96067977,-0.27765876
63,0.37763041,-0.92595643
64,0.88086230,0.47337258
65,-0.56381297,0.82590252
66,-0.76169252,-0.64793861
67,0.72480738,-0.68895161
68,0.60849434,0.79355818
69,-0.85342115,0.52122194
70,-0.42811185,-0.90372574
71,0.94390857,-0.33020687
72,0.22860357,0.97351962
73,-0.99222714,0.12443989
74,-0.01888247,-0.99982172
75,0.99621820,0.08688643
76,-0.19168219,0.98145705
77,-0.95570350,-0.29433110
78,0.39368352,-0.91924602
79,0.87249297,0.48862663
80,-0.57809711,0.81596798
81,-0.75030404,-0.66109288
82,0.73668438,-0.67623675
83,0.59459549,0.80402499
84,-0.86236048,0.50629479
85,-0.41232353,-0.91103750
86,0.94951081,-0.31373426
87,0.21163113,0.97734964
88,-0.99424201,0.10715772
89,-0.00148415,-0.99999893
90,0.99455571,0.10420606
91,-0.20872913,0.97797346
92,-0.95043790,-0.31091446
93,0.40961751,-0.91225737
94,0.86385947,0.50373280
95,-0.59220630,0.80578637
96,-0.73868841,-0.67404705
97,0.74833846,-0.66331708
98,0.58051658,0.81424844
99,-0.87103879,0.49121428
100,-0.39641032,-0.91807342
101,0.95482564,-0.29716659
102,0.19459455,0.98088378
103,-0.99595594,0.08984304
104,0.01591470,-0.99987334
105,0.99259216,0.12149420
106,-0.22571297,0.97419387
107,-0.94488454,-0.32740372
108,0.42542756,-0.90499246
109,0.85496444,0.51868659
110,-0.60613626,0.79536080
111,-0.72684908,-0.68679726
112,0.75976604,-0.65019655
113,0.56626183,0.82422543
114,-0.87945342,0.47598496
115,-0.38037705,-0.92483151
116,0.95985144,-0.28050888
117,0.17749898,0.98412097
118,-0.99736834,0.07250109
119,0.03330881,-0.99944508
120,0.99032807,0.13874565
121,-0.24262854,0.97011924
122,-0.93904513,-0.34379396
123,0.44110888,-0.89745361
124,0.84581053,0.53348339
125,-0.61988282,0.78469437
126,-0.71478963,-0.69933957
127,0.77096361,-0.63687915
128,0.55183566,0.83395290
129,-0.88760185,0.46061152
130,-0.36422852,-0.93130958
131,0.96458668,-0.26376617
132,0.16034959,0.98706031
133,-0.99847877,0.05513711
134,0.05069291,-0.99871427
135,0.98776412,0.15595517
136,-0.25947073,0.96575099
137,-0.93292135,-0.36008021
138,0.45665675,-0.88964295
139,0.83640051,0.54811871
140,-0.63344175,0.77379036
141,-0.70251375,-0.71167022
142,0.78192788,-0.62336886
143,0.53724229,0.84342796
144,-0.89548159,0.44509855
145,-0.34796968,-0.93750578
146,0.96902984,-0.24694353
147,0.14315160,0.98970079
148,-0.99928695,0.03775636
149,0.06806174,-0.99768114
150,0.98490119,0.17311755
151,-0.27623445,0.96109027
152,-0.92651516,-0.37625748
153,0.47206643,-0.88156301
154,0.82673728,0.56258821
155,-0.64680898,0.76265204
156,-0.69002509,-0.72378546
157,0.79265547,-0.60966980
158,0.52248621,0.85264772
159,-0.90309030,0.42945075
160,-0.33160540,-0.94341820
161,0.97317976,-0.23004606
162,0.12591019,0.99204165
163,-0.99979264,0.02036411
164,0.08541004,-0.99634588
165,0.98174000,0.19022760
166,-0.29291460,0.95613861
167,-0.91982841,-0.39232093
168,0.48733327,-0.87321609
169,0.81682366,0.57688743
170,-0.65998042,0.75128281
171,-0.67732751,-0.73568159
172,0.80314314,-0.59578615
173,0.50757194,0.86160940
174,-0.91042560,0.41367286
175,-0.31514066,-0.94904494
176,0.97703499,-0.21307887
177,0.10863058,0.99408221
178,-0.99999559,0.00296562
179,0.10273255,-0.99470901
180,0.97828162,0.20728013
181,-0.30950615,0.95089746
182,-0.91286314,-0.40826568
183,0.50245261,-0.86460477
184,0.80666274,0.59101206
185,-0.67295212,0.73968601
186,-0.66442484,-0.74735510
187,0.81338769,-0.58172202
188,0.49250388,0.87031025
189,-0.91748530,0.39776969
190,-0.29858047,-0.95438445
191,0.98059446,-0.19604710
192,0.09131801,0.99582177
193,-0.99989581,-0.01443385
194,0.12002405,-0.99277097
195,0.97452706,0.22426997
196,-0.32600406,0.94536835
197,-0.90562153,-0.42408690
198,0.51741993,-0.85573161
199,0.79625750,0.60495782
200,-0.68572015,0.72786528
201,-0.65132093,-0.75880241
202,0.82338601,-0.56748170
203,0.47728670,0.87874764
204,-0.92426729,0.38174602
205,-0.28192979,-0.95943505
206,0.98385710,-0.17895591
207,0.07397772,0.99725991
208,-0.99949330,-0.03182902
209,0.13727927,-0.99053240
210,0.97047740,0.24119200
211,-0.34240335,0.93955308
212,-0.89810562,-0.43977976
213,0.53223062,-0.84659940
214,0.78561121,0.61872047
215,-0.69828063,0.71582413
216,-0.63801974,-0.77002001
217,0.83313507,-0.55306953
218,0.46192491,0.88691902
219,-0.93076944,0.36560670
220,-0.26519367,-0.96419519
221,0.98682183,-0.16181046
222,0.05661496,0.99839610
223,-0.99878824,-0.04921463
224,0.15449302,-0.98799390
225,0.96613395,0.25804105
226,-0.35869905,0.93345326
227,-0.89031786,-0.45533958
228,0.54688030,-0.83721083
229,0.77472699,0.63229591
230,-0.71062976,0.70356619
231,-0.62452537,-0.78100455
232,0.84263200,-0.53848988
233,0.44642320,0.89482194
234,-0.93698984,0.34935662
235,-0.24837719,-0.96866339
236,0.98948789,-0.14461593
237,0.03923498,0.99923003
238,-0.99778074,-0.06658542
239,0.17166005,-0.98515624
240,0.96149796,0.27481210
241,-0.37488621,0.92707086
242,-0.88226044,-0.47076160
243,0.56136441,-0.82756871
244,0.76360816,0.64567989
245,-0.72276378,0.69109517
246,-0.61084187,-0.79175264
247,0.85187382,-0.52374709
248,0.43078628,0.90245396
249,-0.94292659,0.33300069
250,-0.23148546,-0.97283834
251,0.99185431,-0.12737757
252,0.02184304,0.99976140
253,-0.99647117,-0.08393613
254,0.18877520,-0.98202032
255,0.95657080,0.29149997
256,-0.39095995,0.92040771
257,-0.87393594,-0.48604116
258,0.57567865,-0.81767601
259,0.75225812,0.65886855
260,-0.73467904,0.67841488
261,-0.59697330,-0.80226111
262,0.86085778,-0.50884563
263,0.41501889,0.90981281
264,-0.94857788,0.31654388
265,-0.21452354,-0.97671884
266,0.99392045,-0.11010054
267,0.00444442,0.99999011
268,-0.99485987,-0.10126149
269,0.20583327,-0.97858709
270,0.95135409,0.30809969
271,-0.40691540,0.91346586
272,-0.86534673,-0.50117362
273,0.58981866,-0.80753571
274,0.74068028,0.67185771
275,-0.74637192,0.66552913
276,-0.58292401,-0.81252670
277,0.86958110,-0.49379012
278,0.39912575,0.91689622
279,-0.95394200,0.29999113
280,-0.19749662,-0.98030359
281,0.99568570,-0.09279012
282,-0.01295563,0.99991608
283,-0.99294734,-0.11855628
284,0.22282909,-0.97485751
285,0.94584924,0.32460621
286,-0.42274770,0.90624744
287,-0.85649556,-0.51615441
288,0.60378015,-0.79715091
289,0.72887808,0.68464351
290,-0.75783885,0.65244180
291,-0.56869811,-0.82254630
292,0.87804121,-0.47858500
293,0.38311169,0.92370200
294,-0.95901728,0.28334752
295,-0.18040982,-0.98359156
296,0.99714947,-0.07545152
297,-0.03035183,0.99953926
298,-0.99073416,-0.13581523
299,0.23975751,-0.97083282
300,0.94005805,0.34101447
301,-0.43845209,0.89875460
302,-0.84738499,-0.53097898
303,0.61755890,-0.78652465
304,0.71685517,0.69722211
305,-0.76907635,0.63915688
306,-0.55430001,-0.83231694
307,0.88623554,-0.46323493
308,0.36698157,0.93022823
309,-0.96380228,0.26661801
310,-0.16326833,-0.98658168
311,0.99831134,-0.05809001
312,-0.04773891,0.99885982
313,-0.98822105,-0.15303315
314,0.25661343,-0.96651411
315,0.93398219,0.35731959
316,-0.45402378,0.89098954
317,-0.83801782,-0.54564285
318,0.63115072,-0.77566022
319,0.70461518,0.70958966
320,-0.78008109,0.62567842
321,-0.53973401,-0.84183562
322,0.89416152,-0.44774452
323,0.35074028,0.93647277
324,-0.96829545,0.24980773
325,-0.14607732,-0.98927319
326,0.99917096,-0.04071083
327,-0.06511162,0.99787802
328,-0.98540872,-0.17020482
329,0.27339172,-0.96190280
330,0.92762351,0.37351659
331,-0.46945807,0.88295478
332,-0.82839686,-0.56014162
333,0.64455152,-0.76456088
334,0.69216180,0.72174239
335,-0.79084969,0.61201042
336,-0.52500451,-0.85109943
337,0.90181684,-0.43211848
338,0.33439273,0.94243383
339,-0.97249550,0.23292173
340,-0.12884201,-0.99166512
341,0.99972808,-0.02331925
342,-0.08246469,0.99659401
343,-0.98229802,-0.18732502
344,0.29008728,-0.95700020
345,0.92098391,0.38960057
346,-0.48475030,0.87465256
347,-0.81852508,-0.57447082
348,0.65775716,-0.75323004
349,0.67949879,0.73367667
350,-0.80137891,0.59815705
351,-0.51011598,-0.86010563
352,0.90919912,-0.41636154
353,0.31794384,0.94810957
354,-0.97640109,0.21596514
355,-0.11156762,-0.99375683
356,0.99998248,-0.00592053
357,-0.09979286,0.99500823
358,-0.97888982,-0.20438857
359,0.30669510,-0.95180780
360,0.91406548,0.40556666
361,-0.49989581,0.86608553
362,-0.80840540,-0.58862615
363,0.67076379,-0.74167103
364,0.66662997,0.74538881
365,-0.81166548,0.58412254
366,-0.49507293,-0.86885142
367,0.91630620,-0.40047845
368,0.30139861,0.95349824
369,-0.98001105,0.19894308
370,-0.09425937,-0.99554765
371,0.99993408,0.01148005
372,-0.11709090,0.99312121
373,-0.97518528,-0.22139032
374,0.32321015,-0.94632721
375,0.90687025,0.42141002
376,-0.51489007,0.85725623
377,-0.79804093,-0.60260332
378,0.68356735,-0.72988749
379,0.65355921,0.75687540
380,-0.82170635,0.56991112
381,-0.47987992,-0.87733418
382,0.92313582,-0.38447407
383,0.28476205,0.95859826
384,-0.98332429,0.18186072
385,-0.07692251,-0.99703705
386,0.99958295,0.02887724
387,-0.13435355,0.99093348
388,-0.97118545,-0.23832510
389,0.33962739,-0.94056004
390,0.89940035,0.43712583
391,-0.52972841,0.84816730
392,-0.78743470,-0.61639804
393,0.69616395,-0.71788281
394,0.64029056,0.76813281
395,-0.83149844,0.55552703
396,-0.46454155,-0.88555133
397,0.92968595,-0.36835319
398,0.26803923,0.96340799
399,-0.98633981,0.16472320
400,-0.05956227,-0.99822462
401,0.99892914,0.04626575
402,-0.15157561,0.98844564
403,-0.96689153,-0.25518781
404,0.35594186,-0.93450809
405,0.89165813,0.45270938
406,-0.54440647,0.83882153
407,-0.77659005,-0.63000625
408,0.70854986,-0.70566076
409,0.62682801,0.77915770
410,-0.84103888,0.54097468
411,-0.44906247,-0.89350039
412,0.93595463,-0.35212070
413,0.25123513,0.96792608
414,-0.98905671,0.14753574
415,-0.04218393,-0.99910986
416,0.99797291,0.06364034
417,-0.16875184,0.98565859
418,-0.96230477,-0.27197331
419,0.37214866,-0.92817312
420,0.88364589,0.46815589
421,-0.55891979,0.82922173
422,-0.76551026,-0.64342374
423,0.72072124,-0.69322497
424,0.61317551,0.78994668
425,-0.85032463,0.52625847
426,-0.43344733,-0.90117890
427,0.94193989,-0.33578151
428,0.23435491,0.97215110
429,-0.99147415,0.13030353
430,-0.02479274,-0.99969262
431,0.99671447,0.08099573
432,-0.18587705,0.98257303
433,-0.95742667,-0.28867653
434,0.38824281,-0.92155713
435,0.87536603,0.48346075
436,-0.57326388,0.81937081
437,-0.75419855,-0.65664643
438,0.73267448,-0.68057925
439,0.59933734,0.80049652
440,-0.85935301,0.51138288
441,-0.41770089,-0.90858459
442,0.94764000,-0.31934059
443,0.21740367,0.97608179
444,-0.99359137,0.11303180
445,-0.00739397,-0.99997264
446,0.99515420,0.09832668
447,-0.20294605,0.97918993
448,-0.95225865,-0.30529243
449,0.40421948,-0.91466200
450,0.86682111,0.49861926
451,-0.58743447,0.80927175
452,-0.74265844,-0.66967040
453,0.74440593,-0.66772735
454,0.58531767,0.81080407
455,-0.86812115,0.49635234
456,-0.40182787,-0.91571522
457,0.95305318,-0.30280289
458,0.20038649,0.97971690
459,-0.99540776,0.09572575
460,0.01000712,-0.99994993
461,0.99329257,0.11562791
462,-0.21995367,0.97551030
463,-0.94680226,-0.32181594
464,0.42007384,-0.90748996
465,0.85801363,0.51362687
466,-0.60142726,0.79892755
467,-0.73089343,-0.68249160
468,0.75591201,-0.65467322
469,0.57112068,0.82086611
470,-0.87662649,0.48117146
471,-0.38583314,-0.92256856
472,0.95817780,-0.28617343
473,0.18330859,0.98305541
474,-0.99692273,0.07839066
475,0.02740525,-0.99962443
476,0.99113023,0.13289422
477,-0.23689477,0.97153533
478,-0.94105911,-0.33824208
479,0.43580106,-0.90004301
480,0.84894639,0.52847904
481,-0.61523795,0.78834146
482,-0.71890706,-0.69510621
483,0.76718926,-0.64142084
484,0.55675066,0.83067966
485,-0.88486642,0.46584481
486,-0.36972150,-0.92914259
487,0.96301234,-0.26945725
488,0.16617508,0.98609626
489,-0.99813581,0.06103174
490,0.04479517,-0.99899620
491,0.98866773,0.15012036
492,-0.25376421,0.96726608
493,-0.93503106,-0.35456586
494,0.45139638,-0.89232355
495,0.83962196,0.54317117
496,-0.62886244,0.77751654
497,-0.70670289,-0.70751041
498,0.77823418,-0.62797415
499,0.54221201,0.84024173
500,-0.89283848,0.45037705
501,-0.35349783,-0.93543535
502,0.96755528,-0.25265941
503,0.14899120,0.98883849
504,-0.99904668,0.04365427
505,0.06217159,-0.99806547
506,0.98590583,0.16730112
507,-0.27055687,0.96270400
508,-0.92871976,-0.37078238
509,0.46685508,-0.88433385
510,0.83004332,0.55769897
511,-0.64229661,0.76645619
512,-0.69428474,-0.71970046
513,0.78904361,-0.61433721
514,0.52750909,0.84954941
515,-0.90054017,0.43477282
516,-0.33716705,-0.94144481
517,0.97180527,-0.23578499
518,0.13176213,0.99128139
519,-0.99965507,0.02626351
520,0.07952926,-0.99683255
521,0.98284543,0.18443130
522,-0.28726768,0.95785034
523,-0.92212725,-0.38688666
524,0.48217249,-0.87607634
525,0.82021320,0.57205790
526,-0.65553629,0.75516367
527,-0.68165624,-0.73167259
528,0.79961407,-0.60051423
529,0.51264638,0.85859984
530,-0.90796924,0.41903687
531,-0.32073411,-0.94716924
532,0.97576094,-0.21883909
533,0.11449307,0.99342406
534,-0.99996072,0.00886472
535,0.09686293,-0.99529773
536,0.97948736,0.20150571
537,-0.30389160,0.95270663
538,-0.91525549,-0.40287387
539,0.49734393,-0.86755347
540,0.81013477,0.58624369
541,-0.66857749,0.74364245
542,-0.66882133,-0.74342316
543,0.80994248,-0.58650935
544,0.49762839,0.86739033
545,-0.91512334,0.40317398
546,-0.30420396,-0.95260692
547,0.97942120,-0.20182686
548,0.09718928,0.99526590
549,-0.99996358,-0.00853684
550,0.11416734,-0.99346155
551,0.97583264,0.21851915
552,-0.32042354,0.94727439
553,-0.90810657,-0.41873917
554,0.51236486,-0.85876787
555,0.79981089,0.60025203
556,-0.68141633,0.73189598
557,-0.65578377,-0.75494874
558,0.82002562,-0.57232678
559,0.48245963,0.87591821
560,-0.92200041,0.38718891
561,-0.28758165,-0.95775610
562,0.98278493,-0.18475343
563,0.07985597,0.99680638
564,-0.99966359,-0.02593588
565,0.13143726,-0.99132448
566,0.97188246,0.23546651
567,-0.33685854,0.94155526
568,-0.90068257,-0.43447772
569,0.52723068,-0.84972221
570,0.78924483,0.61407870
571,-0.69404888,0.71992785
572,-0.64254761,-0.76624572
573,0.82986057,-0.55797082
574,0.46714473,0.88418084
575,-0.92859828,0.37108654
576,-0.27087215,-0.96261531
577,0.98585099,-0.16762398
578,0.06249841,0.99804509
579,-0.99906093,-0.04332715
580,0.14866744,-0.98888725
581,0.96763796,0.25234264
582,-0.35319158,0.93555099
583,-0.89298582,-0.45008478
584,0.54193693,-0.84041917
585,0.77843970,0.62771940
586,-0.70647132,0.70774162
587,-0.62911683,-0.77731073
588,0.83944422,-0.54344589
589,0.45168826,0.89217585
590,-0.93491501,0.35487172
591,-0.25408056,-0.96718305
592,0.98861855,-0.15044370
593,0.04512185,0.99898148
594,-0.99815571,-0.06070537
595,0.16585268,-0.98615056
596,0.96310037,0.26914242
597,-0.36941776,0.92926341
598,-0.88501865,-0.46555558
599,0.55647916,-0.83086157
600,0.76739877,0.64117008
601,-0.71867990,0.69534105
602,-0.61549550,-0.78814042
603,0.84877372,-0.52875626
604,0.43609497,0.89990067
605,-0.94094861,0.33854935
606,-0.23721197,-0.97145790
607,0.99108678,-0.13321778
608,0.02773155,0.99961543
609,-0.99694824,-0.07806528
610,0.18298778,-0.98311520
611,0.95827115,0.28586078
612,-0.38553214,0.92269439
613,-0.87678343,-0.48088551
614,0.57085288,-0.82105237
615,0.75612545,0.65442669
616,-0.73067087,0.68272984
617,-0.60168767,-0.79873145
618,0.85784620,-0.51390648
619,0.42036954,0.90735298
620,-0.94669735,0.32212442
621,-0.22027147,-0.97543859
622,0.99325490,-0.11595145
623,0.01033277,0.99994659
624,-0.99543887,-0.09540163
625,0.20006754,-0.97978210
626,0.95315170,0.30249265
627,-0.40152985,0.91584593
628,-0.86828262,-0.49606985
629,0.58505386,-0.81099445
630,0.74462306,0.66748518
631,-0.74244064,0.66991186
632,-0.58769757,-0.80908066
633,0.86665899,-0.49890104
634,0.40451676,0.91453058
635,-0.95215940,0.30560184
636,-0.20326418,-0.97912395
637,0.99512219,-0.09864993
638,-0.00706921,0.99997503
639,-0.99362803,-0.11270916
640,0.21708678,-0.97615230
641,0.94774359,0.31903300
642,-0.41740602,0.90872008
643,-0.85951883,-0.51110405
644,0.59907770,-0.80069089
645,0.73289520,0.68034160
646,-0.75398558,0.65689093
647,-0.57352948,-0.81918496
648,0.87520933,-0.48374441
649,0.38854140,0.92143124
650,-0.95733315,0.28898665
651,-0.18619527,-0.98251277
652,0.99668819,-0.08131846
653,-0.02446912,0.99970061
654,-0.99151629,-0.12998264
655,0.23404035,-0.97222686
656,0.94204849,0.33547679
657,-0.43315583,0.90131903
658,-0.85049474,-0.52598351
659,0.61292017,-0.79014486
660,0.72094524,0.69299203
661,-0.76530230,0.64367104
662,-0.55918759,-0.82904112
663,0.88349468,-0.46844125
664,0.37244830,0.92805296
665,-0.96221697,0.27228388
666,-0.16906989,-0.98560405
667,0.99795234,-0.06396229
668,-0.04186170,0.99912339
669,-0.98910427,-0.14721683
670,0.25092313,-0.96800703
671,0.93606806,0.35181904
672,-0.44877458,0.89364499
673,-0.84121305,-0.54070377
674,0.62657708,-0.77935946
675,0.70877695,0.70543265
676,-0.77638727,0.63025612
677,-0.54467636,-0.83864635
678,0.89151245,-0.45299613
679,0.35624233,0.93439358
680,-0.96680945,0.25549859
681,-0.15189324,-0.98839688
682,0.99891424,-0.04658667
683,-0.05924168,0.99824369
684,-0.98639268,-0.16440651
685,0.26772997,-0.96349400
686,0.92980409,0.36805484
687,-0.46425748,0.88570029
688,-0.83167660,-0.55526036
689,0.64004427,-0.76833802
690,0.69639397,0.71765965
691,-0.78723723,0.61665028
692,-0.53000003,-0.84799761
693,0.89926034,-0.43741378
694,0.33992842,0.94045132
695,-0.97110915,0.23863584
696,-0.13467051,-0.99089044
697,0.99957371,-0.02919686
698,-0.07660379,0.99706161
699,-0.98338234,-0.18154648
700,0.28445584,-0.95868915
701,0.92325854,0.38417926
702,-0.47959983,0.87748730
703,-0.82188821,-0.56964886
704,0.65331775,-0.75708383
705,0.68380004,0.72966945
706,-0.79784876,0.60285765
707,-0.51516324,-0.85709208
708,0.90673596,-0.42169890
709,0.32351151,0.94622421
710,-0.97511476,0.22170074
711,-0.11740693,-0.99308389
712,0.99993038,-0.01179814
713,-0.09394278,0.99557757
714,-0.98007423,-0.19863154
715,0.30109560,-0.95359397
716,0.91643333,0.40018737
717,-0.49479702,0.86900860
718,-0.81185085,-0.58386487
719,0.66639340,-0.74560028
720,0.67099899,0.74145830
721,-0.80821872,0.58888239
722,-0.50017029,-0.86592704
723,0.91393691,-0.40585622
724,0.30699652,0.95171064
725,-0.97882509,0.20469844
726,-0.10010771,-0.99497658
727,0.99998432,0.00560423
728,-0.11125340,0.99379206
729,-0.97646928,-0.21565653
730,0.31764427,-0.94820994
731,0.90933061,0.41607440
732,-0.50984442,0.86026663
733,-0.80156761,-0.59790415
734,0.67926729,-0.73389095
735,0.65799463,0.75302261
736,-0.81834400,0.57472873
737,-0.48502582,-0.87449986
738,0.92086118,-0.38989058
739,0.29038849,0.95690882
740,-0.98223901,0.18763407
741,-0.08277810,-0.99656802
742,0.99973536,0.02300498
743,-0.12853040,0.99170560
744,-0.97256857,-0.23261628
745,0.33409682,-0.94253874
746,0.90195239,0.43183547
747,-0.52473748,0.85126412
748,-0.79104155,-0.61176240
749,0.69193554,-0.72195929
750,0.64479095,0.76435894
751,-0.82822144,0.56040096
752,-0.46973440,-0.88280779
753,0.92750663,-0.37380677
754,0.27369249,0.96181726
755,-0.98535544,0.17051280
756,-0.06542335,-0.99785757
757,0.99918365,0.04039883
758,-0.14576855,0.98931873
759,-0.96837336,-0.24950564
760,0.35044825,-0.93658209
761,0.89430106,0.44746581
762,-0.53947169,0.84200370
763,-0.78027588,-0.62543547
764,0.70439428,-0.70980889
765,0.63139194,0.77546382
766,-0.83784813,0.54590338
767,-0.45430064,-0.89084840
768,0.93387115,-0.35760969
769,0.25691348,0.96643442
770,-0.98817354,0.15333980
771,-0.04804871,-0.99884498
772,0.99832928,0.05778053
773,-0.16296263,0.98663223
774,-0.96388483,-0.26631951
775,0.36669362,-0.93034178
776,0.88637882,0.46296072
777,-0.55404264,0.83248830
778,-0.76927388,-0.63891917
779,0.71663976,-0.69744349
780,0.61780167,0.78633392
781,-0.84722108,0.53124046
782,-0.43872926,-0.89861929
783,0.93995285,-0.34130424
784,0.24005660,0.97075891
785,-0.99069232,0.13612030
786,-0.03065944,-0.99952990
787,0.99717265,0.07514481
788,-0.18010743,0.98364693
789,-0.95910430,-0.28305283
790,0.38282800,-0.92381966
791,0.87818807,0.47831547
792,-0.56844580,0.82272071
793,-0.75803882,-0.65220940
794,0.72866827,-0.68486685
795,0.60402423,0.79696596
796,-0.85633755,0.51641655
797,-0.42302489,-0.90611804
798,0.94575000,-0.32489535
799,0.22312695,0.97478938
800,-0.99291110,0.11885951
801,-0.01326081,-0.99991208
802,0.99571395,0.09248640
803,-0.19719775,0.98036373
804,-0.95403337,-0.29970047
805,0.39884651,-0.91701770
806,0.86973137,0.49352545
807,-0.58267683,0.81270397
808,-0.74657416,-0.66530222
809,0.74047613,-0.67208266
810,0.59006381,0.80735660
811,-0.86519462,0.50143617
812,-0.40719238,-0.91334242
813,0.95126069,-0.30838799
814,0.20612966,0.97852468
815,-0.99482912,0.10156263
816,0.00414191,-0.99999142
817,0.99395370,0.10980006
818,-0.21422844,0.97678357
819,-0.94867343,-0.31625742
820,0.41474432,-0.90993798
821,0.86101121,0.50858599
822,-0.59673148,0.80244094
823,-0.73488331,-0.67819357
824,0.75205976,-0.65909493
825,0.57592458,0.81750280
826,-0.87378979,0.48630387
827,-0.39123645,-0.92029017
828,0.95648324,-0.29178718
829,0.18906985,0.98196363
830,-0.99644589,0.08423492
831,0.02154345,-0.99976790
832,0.99189240,0.12708053
833,-0.23119430,0.97290760
834,-0.94302613,-0.33271867
835,0.43051654,-0.90258271
836,0.85203022,0.52349263
837,-0.61060548,0.79193491
838,-0.72296989,-0.69087952
839,0.76341569,-0.64590752
840,0.56161088,0.82740146
841,-0.88212031,0.47102419
842,-0.37516198,-0.92695928
843,0.96141624,-0.27509791
844,0.17195271,0.98510522
845,-0.99776089,0.06688162
846,0.03893854,-0.99924159
847,0.98953068,0.14432259
848,-0.24809022,0.96873695
849,-0.93709320,-0.34907922
850,0.44615847,-0.89495397
851,0.84279114,0.53824073
852,-0.62429464,0.78118896
853,-0.71083742,-0.70335639
854,0.77454042,-0.63252443
855,0.54712707,0.83704960
856,-0.89018369,0.45560181
857,-0.35897380,-0.93334764
858,0.96605802,-0.25832525
859,0.15478341,0.98794842
860,-0.99877375,0.04950799
861,0.05632192,-0.99841267
862,0.98686928,0.16152103
863,-0.26491109,0.96427286
864,-0.93087649,-0.36533409
865,0.46166533,-0.88705420
866,0.83329678,0.55282587
867,-0.63779473,0.77020639
868,-0.69848961,-0.71562022
869,0.78543067,-0.61894965
870,0.53247744,0.84644419
871,-0.89797747,0.44004139
872,-0.34267682,-0.93945336
873,0.97040725,-0.24147427
874,0.13756716,0.99049246
875,-0.99948406,0.03211929
876,0.07368831,-0.99728131
877,0.98390895,0.17867061
878,-0.28165177,0.95951670
879,-0.92437774,-0.38147840
880,0.47703245,-0.87888569
881,0.82354999,0.56724370
882,-0.65110171,0.75899047
883,-0.68593019,-0.72766733
884,0.79608303,-0.60518742
885,0.51766646,0.85558254
886,-0.90549940,0.42434761
887,-0.32627600,-0.94527453
888,0.97446257,-0.22455008
889,0.12030917,0.99273646
890,-0.99989164,0.01472079
891,0.09103247,-0.99584794
892,0.98065060,0.19576615
893,-0.29830724,0.95446992
894,-0.91759902,-0.39750725
895,0.49225515,-0.87045097
896,0.81355375,0.58148974
897,-0.66421157,0.74754465
898,-0.67316300,-0.73949414
899,0.80649436,-0.59124178
900,0.50269866,0.86446172
901,-0.91274703,0.40852523
902,-0.30977628,-0.95080948
903,0.97822273,-0.20755781
904,0.10301467,0.99467981
905,-0.99999642,-0.00268225
906,0.10834912,-0.99411291
907,0.97709525,0.21280248
908,-0.31487241,0.94913399
909,-0.91054237,-0.41341576
910,0.50732881,-0.86175257
911,0.80331105,0.59555972
912,-0.67712027,0.73587233
913,-0.66019183,-0.75109702
914,0.81666142,-0.57711703
915,0.48757851,0.87307912
916,-0.91971827,0.39257905
917,-0.29318267,-0.95605642
918,0.98168671,-0.19050260
919,0.08568889,0.99632192
920,-0.99979830,-0.02008455
921,0.12563303,-0.99207675
922,0.97324389,0.22977443
923,-0.33134231,0.94351059
924,-0.90320987,-0.42919913
925,0.52224886,-0.85279310
926,0.79282498,0.60944939
927,-0.68982399,0.72397709
928,-0.64702064,-0.76247251
929,0.82658124,-0.56281745
930,0.47231063,0.88143218
931,-0.92641097,0.37651390
932,-0.27650020,-0.96101385
933,0.98485333,-0.17338963
934,0.06833708,0.99766231
935,-0.99929732,-0.03748084
936,0.14287898,-0.98974019
937,0.96909779,0.24667685
938,-0.34771192,0.93760145
939,-0.89560384,-0.44485259
940,0.53701085,-0.84357536
941,0.78209871,0.62315452
942,-0.70231879,0.71186256
943,-0.63365340,-0.77361703
944,0.83625072,-0.54834729
945,0.45689964,0.88951826
946,-0.93282312,0.36033466
947,-0.25973389,-0.96568024
948,0.98772162,-0.15622406
949,0.05096450,0.99870044
950,-0.99849373,-0.05486586
951,0.16008171,-0.98710376
952,0.96465814,0.26350462
953,-0.36397627,0.93140823
954,-0.88772643,-0.46037135
955,0.55161023,-0.83410203
956,0.77113557,0.63667101
957,-0.71460098,0.69953233
958,-0.62009424,-0.78452736
959,0.84566694,-0.53371102
960,0.44135019,0.89733493
961,-0.93895274,0.34404618
962,-0.24288882,-0.97005415
963,0.99029082,-0.13901109
964,0.03357641,0.99943614
965,-0.99738771,-0.07223433
966,0.17723604,-0.98416835
967,0.95992625,0.28025270
968,-0.38013047,0.92493290
969,-0.87958014,-0.47575074
970,0.56604254,-0.82437599
971,0.75993878,0.64999467
972,-0.72666675,0.68699014
973,-0.60634714,-0.79520005
974,0.85482705,-0.51891303
975,0.42566699,0.90487987
976,-0.94479799,0.32765344
977,-0.22597013,-0.97413421
978,0.99256009,-0.12175594
979,0.01617807,0.99986911
980,-0.99597955,-0.08958101
981,0.19433676,-0.98093486
982,0.95490360,0.29691592
983,-0.39616957,0.91817737
984,-0.87116742,-0.49098611
985,0.58030355,-0.81440026
986,0.74851179,0.66312152
987,-0.73851246,0.67423987
988,-0.59241635,-0.80563194
989,0.86372828,-0.50395775
990,0.40985477,0.91215080
991,-0.95035708,0.31116137
992,-0.20898291,-0.97791928
993,0.99452871,-0.10446384
994,-0.00122525,0.99999923
995,-0.99426973,-0.10690062
996,0.21137868,-0.97740424
997,0.94959176,0.31348929
998,-0.41208878,0.91114372
999,-0.86249077,-0.50607282
1000,0.59438878,-0.80417782
1001,0.73685801,0.67604756
1002,-0.75013453,0.66128528
1003,-0.57830608,-0.81581986
1004,0.87236798,-0.48884982
1005,0.39391837,0.91914541
1006,-0.95562840,0.29457498
1007,-0.19193234,-0.98140818
1008,0.99619609,-0.08714002
1009,-0.01862827,0.99982649
1010,-0.99225873,-0.12418792
1011,0.22835666,-0.97357756
1012,0.94399220,0.32996777
1013,-0.42788321,0.90383404
1014,-0.85355282,-0.52100635
1015,0.60829407,-0.79371172
1016,0.72498095,0.68876892
1017,-0.76152945,0.64813036
1018,-0.56402057,-0.82576072
1019,0.88074344,-0.47359371
1020,0.37786257,0.92586172
1021,-0.96061021,0.27789930
1022,-0.17482354,-0.98459977
1023,0.99756175,-0.06978974
1024,-0.03602573,0.99935085
1025,-0.98994714,-0.14143769
1026,0.24526554,-0.96945596
1027,0.93810672,0.34634641
1028,-0.44354811,0.89625055
1029,-0.84435630,-0.53578204
1030,0.62201518,-0.78300518
1031,0.71288431,0.70128167
1032,-0.77269369,0.63477904
1033,-0.54956418,-0.83545154
1034,0.88885218,-0.45819411
1035,0.36169225,0.93229753
1036,-0.96530110,0.26113939
1037,-0.15766172,-0.98749316
1038,0.99862522,-0.05241824
1039,-0.05341234,0.99857253
1040,-0.98733574,-0.15864469
1041,0.26210022,-0.96504068
1042,0.93193704,0.36262017
1043,-0.45907876,0.88839555
1044,-0.83490402,-0.55039561
1045,0.63554794,-0.77206141
1046,0.70057166,0.71358210
1047,-0.78362399,0.62123537
1048,-0.53494120,-0.84488928
1049,0.89669168,-0.44265565
1050,0.34541228,0.93845105
1051,-0.96969962,0.24430028
1052,-0.14045207,-0.99008745
1053,0.99938625,-0.03503078
1054,-0.07078286,0.99749178
1055,-0.98442525,-0.17580372
1056,0.27885556,-0.96033305
1057,0.92548501,0.37878418
1058,-0.47447038,0.88027149
1059,-0.82519877,-0.56484246
1060,0.64888823,-0.76088375
1061,0.68804669,0.72566640
1062,-0.79431701,0.60750347
1063,-0.52015620,-0.85407114
1064,0.90425962,-0.42698303
1065,0.32902765,0.94432026
1066,-0.97380447,0.22738710
1067,-0.12319980,-0.99238187
1068,0.99984455,-0.01763264
1069,-0.08813201,0.99610883
1070,-0.98121655,-0.19290957
1071,0.29552650,-0.95533454
1072,0.91875267,0.39483353
1073,-0.48971838,0.87188071
1074,-0.81524354,-0.57911831
1075,0.66203207,-0.74947554
1076,0.67531335,0.73753095
1077,-0.80476940,0.59358758
1078,-0.50521350,-0.86299437
1079,0.91155368,-0.41118103
1080,0.31254327,0.94990355
1081,-0.97761428,0.21040498
1082,-0.10591013,-0.99437571
1083,1.00000000,-0.00022908
1084,-0.10545453,0.99442410
1085,-0.97771060,-0.20995705
1086,0.31210801,-0.95004660
1087,0.91174197,0.41076335
1088,-0.50481808,0.86322576
1089,-0.80504131,-0.59321880
1090,0.67497540,-0.73784024
1091,0.66237533,0.74917215
1092,-0.81497812,0.57949173
1093,-0.49011776,-0.87165624
1094,0.91857171,-0.39525437
1095,0.29596412,0.95519906
1096,-0.98112804,0.19335905
1097,-0.08858831,-0.99606830
1098,0.99985248,0.01717462
1099,-0.12274520,0.99243820
1100,-0.97390848,-0.22694102
1101,0.32859507,-0.94447088
1102,0.90445513,0.42656881
1103,-0.51976496,0.85430932
1104,-0.79459518,-0.60713965
1105,0.68771428,-0.72598141
1106,0.64923662,0.76058650
1107,-0.82493997,0.56522030
1108,-0.47487345,-0.88005412
1109,0.92531145,-0.37920797
1110,0.27929530,0.96020526
1111,-0.98434466,0.17625447
1112,-0.07123958,-0.99745923
1113,0.99940217,0.03457320
1114,-0.13999875,0.99015170
1115,-0.96981138,-0.24385631
1116,0.34498265,-0.93860906
1117,0.89689422,0.44224513
1118,-0.53455442,0.84513408
1119,-0.78390831,-0.62087661
1120,0.70024496,-0.71390265
1121,0.63590121,0.77177048
1122,-0.83465201,0.55077761
1123,-0.45948526,-0.88818538
1124,0.93177098,-0.36304659
1125,0.26254174,0.96492064
1126,-0.98726302,0.15909642
1127,-0.05386919,-0.99854797
1128,0.99864912,0.05196138
1129,-0.15720998,0.98756522
1130,-0.96542042,-0.26069781
1131,0.36126578,-0.93246287
1132,0.88906163,0.45778754
1133,-0.54918206,0.83570278
1134,-0.77298391,-0.63442564
1135,0.71256357,-0.70160758
1136,0.62237310,0.78272069
1137,-0.84411126,0.53616804
1138,-0.44395781,-0.89604771
1139,0.93794829,-0.34677517
1140,0.24570863,0.96934372
1141,-0.98988241,0.14189011
1142,-0.03648241,-0.99933428
1143,0.99759352,0.06933390
1144,-0.17437366,0.98467958
1145,-0.96073705,-0.27746040
1146,0.37743956,-0.92603421
1147,0.88095969,0.47319138
1148,-0.56364334,0.82601827
1149,-0.76182532,-0.64778250
1150,0.72466636,-0.68909991
1151,0.60865647,0.79343390
1152,-0.85331488,0.52139598
1153,-0.42829579,-0.90363860
1154,0.94384146,-0.33039865
1155,0.22880100,0.97347319
1156,-0.99220192,0.12464075
1157,-0.01908451,-0.99981785
1158,0.99623573,0.08668548
1159,-0.19148459,0.98149562
1160,-0.95576262,-0.29413903
1161,0.39349911,-0.91932499
1162,0.87259084,0.48845190
1163,-0.57793403,0.81608349
1164,-0.75043595,-0.66094315
1165,0.73654968,-0.67638344
1166,0.59475529,0.80390680
1167,-0.86225998,0.50646591
1168,-0.41250396,-0.91095579
1169,0.94944876,-0.31392196
1170,0.21182398,0.97730786
1171,-0.99422091,0.10735355
1172,-0.00168074,-0.99999857
1173,0.99457616,0.10401089
1174,-0.20853758,0.97801435
1175,-0.95049864,-0.31072864
1176,0.40943947,-0.91233730
1177,0.86395758,0.50356454
1178,-0.59204966,0.80590147
1179,-0.73881918,-0.67390370
1180,0.74820995,-0.66346198
1181,0.58067399,0.81413621
1182,-0.87094396,0.49138233
1183,-0.39658713,-0.91799706
1184,0.95476854,-0.29735011
1185,0.19478272,0.98084641
1186,-0.99593872,0.09003375
1187,0.01572361,-0.99987638
1188,0.99261528,0.12130486
1189,-0.22552748,0.97423679
1190,-0.94494677,-0.32722417
1191,0.42525592,-0.90507317
1192,0.85506260,0.51852471
1193,-0.60598600,0.79547530
1194,-0.72697854,-0.68666017
1195,0.75964367,-0.65033954
1196,0.56641668,0.82411903
1197,-0.87936419,0.47614983
1198,-0.38055009,-0.92476034
1199,0.95979905,-0.28068811
1200,0.17768238,0.98408788
1201,-0.99735481,0.07268661
1202,0.03312327,-0.99945128
1203,0.99035376,0.13856216
1204,-0.24244913,0.97016412
1205,-0.93910855,-0.34362066
1206,0.44094360,-0.89753485
1207,0.84590858,0.53332788
1208,-0.61973888,0.78480810
1209,-0.71491766,-0.69920868
1210,0.77084726,-0.63702005
1211,0.55198771,0.83385223
1212,-0.88751799,0.46077305
1213,-0.36439767,-0.93124342
1214,0.96453881,-0.26394099
1215,0.16052815,0.98703128
1216,-0.99846882,0.05531738
1217,0.05051297,-0.99872339
1218,0.98779213,0.15577756
1219,-0.25929743,0.96579754
1220,-0.93298584,-0.35991314
1221,0.45649776,-0.88972455
1222,0.83649826,0.54796958
1223,-0.63330400,0.77390313
1224,-0.70264012,-0.71154541
1225,0.78181738,-0.62350750
1226,0.53739148,0.84333295
1227,-0.89540303,0.44525662
1228,-0.34813482,-0.93744445
1229,0.96898645,-0.24711387
1230,0.14332522,0.98967564
1231,-0.99928033,0.03793130
1232,0.06788745,-0.99769300
1233,0.98493135,0.17294584
1234,-0.27606723,0.96113831
1235,-0.92658043,-0.37609664
1236,0.47191370,-0.88164473
1237,0.82683450,0.56244528
1238,-0.64667737,0.76276362
1239,-0.69014966,-0.72366667
1240,0.79255074,-0.60980600
1241,0.52263236,0.85255814
1242,-0.90301681,0.42960522
1243,-0.33176643,-0.94336158
1244,0.97314054,-0.23021181
1245,0.12607878,0.99202025
1246,-0.99978918,0.02053367
1247,0.08524144,-0.99636030
1248,0.98177212,0.19006182
1249,-0.29275349,0.95618796
1250,-0.91989434,-0.39216629
1251,0.48718676,-0.87329781
1252,0.81692022,0.57675070
1253,-0.65985495,0.75139302
1254,-0.67745012,-0.73556870
1255,0.80304402,-0.59591967
1256,0.50771487,0.86152518
1257,-0.91035706,0.41382360
1258,-0.31529745,-0.94899291
1259,0.97699988,-0.21323992
1260,0.10879409,0.99406433
1261,-0.99999511,0.00312973
1262,0.10256967,-0.99472582
1263,0.97831547,0.20712028
1264,-0.30935112,0.95094788
1265,-0.91292953,-0.40811720
1266,0.50231230,-0.86468625
1267,0.80675840,0.59088141
1268,-0.67283261,0.73979473
1269,-0.66454530,-0.74724799
1270,0.81329411,-0.58185279
1271,0.49264354,0.87023121
1272,-0.91742158,0.39791659
1273,-0.29873291,-0.95433676
1274,0.98056322,-0.19620338
1275,0.09147635,0.99580723
1276,-0.99989808,-0.01427522
1277,0.11986692,-0.99278998
1278,0.97456247,0.22411609
1279,-0.32585511,0.94541973
1280,-0.90568817,-0.42394453
1281,0.51728570,-0.85581279
1282,0.79635215,0.60483325
1283,-0.68560654,0.72797233
1284,-0.65143907,-0.75870097
1285,0.82329786,-0.56760961
1286,0.47742286,0.87867367
1287,-0.92420822,0.38188893
1288,-0.28207779,-0.95939153
1289,0.98382956,-0.17910732
1290,0.07413083,0.99724853
1291,-0.99949819,-0.03167593
1292,0.13712792,-0.99055332
1293,0.97051418,0.24104406
1294,-0.34226048,0.93960512
1295,-0.89817238,-0.43964353
1296,0.53210253,-0.84667993
1297,0.78570461,0.61860186
1298,-0.69817281,0.71592927
1299,-0.63813543,-0.76992410
1300,0.83305222,-0.55319440
1301,0.46205750,0.88684994
1302,-0.93071491,0.36574551
1303,-0.26533711,-0.96415567
1304,0.98679781,-0.16195692
1305,0.05676277,0.99838769
1306,-0.99879551,-0.04906712
1307,0.15434745,-0.98801661
1308,0.96617186,0.25789908
1309,-0.35856220,0.93350583
1310,-0.89038444,-0.45520937
1311,0.54675817,-0.83729059
1312,0.77481896,0.63218313
1313,-0.71052766,0.70366931
1314,-0.62463844,-0.78091413
1315,0.84255421,-0.53861153
1316,0.44655210,0.89475763
1317,-0.93693966,0.34949124
1318,-0.24851601,-0.96862781
1319,0.98946720,-0.14475738
1320,0.03937745,0.99922442
1321,-0.99779022,-0.06644352
1322,0.17152031,-0.98518056
1323,0.96153682,0.27467605
1324,-0.37475538,0.92712373
1325,-0.88232672,-0.47063741
1326,0.56124824,-0.82764751
1327,0.76369858,0.64557296
1328,-0.72266728,0.69119608
1329,-0.61095214,-0.79166752
1330,0.85180104,-0.52386540
1331,0.43091133,0.90239429
1332,-0.94288057,0.33313099
1333,-0.23161954,-0.97280645
1334,0.99183679,-0.12751392
1335,0.02198012,0.99975842
1336,-0.99648261,-0.08379986
1337,0.18864128,-0.98204607
1338,0.95661050,0.29136989
1339,-0.39083511,0.92046070
1340,-0.87400168,-0.48592290
1341,0.57556832,-0.81775367
1342,0.75234675,0.65876728
1343,-0.73458797,0.67851347
1344,-0.59708071,-0.80218118
1345,0.86078984,-0.50896055
1346,0.41513997,0.90975755
1347,-0.94853586,0.31666976
1348,-0.21465282,-0.97669041
1349,0.99390590,-0.11023174
1350,0.00457605,0.99998951
1351,-0.99487311,-0.10113090
1352,0.20570517,-0.97861403
1353,0.95139426,0.30797550
1354,-0.40679649,0.91351879
1355,-0.86541182,-0.50106126
1356,0.58971411,-0.80761206
1357,0.74076694,0.67176211
1358,-0.74628621,0.66562515
1359,-0.58302826,-0.81245184
1360,0.86951792,-0.49390140
1361,0.39924276,0.91684526
1362,-0.95390379,0.30011252
1363,-0.19762100,-0.98027849
1364,0.99567395,-0.09291610
1365,-0.01282948,0.99991769
1366,-0.99296224,-0.11843137
1367,0.22270681,-0.97488546
1368,0.94588983,0.32448789
1369,-0.42263469,0.90630013
1370,-0.85655969,-0.51604789
1371,0.60368133,-0.79722571
1372,0.72896272,0.68455344
1373,-0.75775844,0.65253520
1374,-0.56879920,-0.82247645
1375,0.87798262,-0.47869256
1376,0.38322452,0.92365521
1377,-0.95898277,0.28346431
1378,-0.18052924,-0.98356962
1379,0.99714035,-0.07557223
1380,-0.03023120,0.99954295
1381,-0.99075049,-0.13569604
1382,0.23964106,-0.97086155
1383,0.94009882,0.34090206
1384,-0.43834493,0.89880681
1385,-0.84744811,-0.53087825
1386,0.61746567,-0.78659785
1387,0.71693754,0.69713742
1388,-0.76900113,0.63924748
1389,-0.55439770,-0.83225185
1390,0.88618129,-0.46333864
1391,0.36709011,0.93018538
1392,-0.96377128,0.26673013
1393,-0.16338271,-0.98656279
1394,0.99830461,-0.05820539
1395,-0.04762383,0.99886537
1396,-0.98823863,-0.15291966
1397,0.25650278,-0.96654350
1398,0.93402296,0.35721302
1399,-0.45392242,0.89104122
1400,-0.83807969,-0.54554784
1401,0.63106304,-0.77573156
1402,0.70469511,0.70951027
1403,-0.78001082,0.62576598
1404,-0.53982818,-0.84177524
1405,0.89411157,-0.44784427
1406,0.35084441,0.93643379
1407,-0.96826774,0.24991505
1408,-0.14618661,-0.98925704
1409,0.99916649,-0.04082084
1410,-0.06500211,0.99788511
1411,-0.98542732,-0.17009704
1412,0.27328685,-0.96193260
1413,0.92766404,0.37341583
1414,-0.46936247,0.88300556
1415,-0.82845730,-0.56005222
1416,0.64446926,-0.76463020
1417,0.69223917,0.72166818
1418,-0.79078430,0.61209488
1419,-0.52509511,-0.85104358
1420,0.90177101,-0.43221414
1421,0.33449236,0.94239849
1422,-0.97247094,0.23302419
1423,-0.12894613,-0.99165159
1424,0.99972564,-0.02342385
1425,-0.08236077,0.99660259
1426,-0.98231745,-0.18722296
1427,0.28998822,-0.95703024
1428,0.92102414,0.38950557
1429,-0.48466039,0.87470239
1430,-0.81858391,-0.57438695
1431,0.65768027,-0.75329715
1432,0.67957336,0.73360753
1433,-0.80131829,0.59823829
1434,-0.51020283,-0.86005414
1435,0.90915722,-0.41645303
1436,0.31803888,0.94807768
1437,-0.97637951,0.21606266
1438,-0.11166652,-0.99374574
1439,0.99998188,-0.00601969
1440,-0.09969456,0.99501806
1441,-0.97890997,-0.20429222
1442,0.30660179,-0.95183790
1443,0.91410512,0.40547734
1444,-0.49981153,0.86613417
1445,-0.80846244,-0.58854771
1446,0.67069215,-0.74173588
1447,0.66670167,0.74532467
1448,-0.81160945,0.58420038
1449,-0.49515590,-0.86880416
1450,0.91626805,-0.40056565
1451,0.30148900,0.95346963
1452,-0.97999227,0.19903561
1453,-0.09435300,-0.99553883
1454,0.99993515,0.01138637
1455,-0.11699822,0.99313211
1456,-0.97520584,-0.22129966
1457,0.32312253,-0.94635713
1458,0.90690911,0.42132637
1459,-0.51481128,0.85730350
1460,-0.79809606,-0.60253024
1461,0.68350083,-0.72994977
1462,0.65362793,0.75681603
1463,-0.82165486,0.56998539
1464,-0.47995892,-0.87729096
1465,0.92310131,-0.38455683
1466,0.28484768,0.95857280
1467,-0.98330814,0.18194817
1468,-0.07701082,-0.99703026
1469,0.99958551,0.02878906
1470,-0.13426651,0.99094528
1471,-0.97120631,-0.23824014
1472,0.33954546,-0.94058967
1473,0.89943826,0.43704781
1474,-0.52965516,0.84821308
1475,-0.78748775,-0.61633033
1476,0.69610244,-0.71794248
1477,0.64035606,0.76807815
1478,-0.83145130,0.55559766
1479,-0.46461645,-0.88551205
1480,0.92965490,-0.36843145
1481,0.26811999,0.96338552
1482,-0.98632610,0.16480553
1483,-0.05964523,-0.99821961
1484,0.99893302,0.04618311
1485,-0.15149419,0.98845816
1486,-0.96691245,-0.25510851
1487,0.35586557,-0.93453717
1488,0.89169490,0.45263690
1489,-0.54433864,0.83886558
1490,-0.77664083,-0.62994367
1491,0.70849329,-0.70571756
1492,0.62689018,0.77910763
1493,-0.84099591,0.54104149
1494,-0.44913313,-0.89346486
1495,0.93592685,-0.35219437
1496,0.25131097,0.96790642
1497,-0.98904520,0.14761288
1498,-0.04226149,-0.99910659
1499,0.99797779,0.06356324
1500,-0.16867603,0.98567152
1501,-0.96232563,-0.27189964
1502,0.37207794,-0.92820150
1503,0.88368136,0.46808892
1504,-0.55885720,0.82926387
1505,-0.76555854,-0.64336622
1506,0.72066945,-0.69327879
1507,0.61323428,0.78990108
1508,-0.85028571,0.52632141
1509,-0.43351367,-0.90114701
1510,0.94191527,-0.33585051
1511,0.23442577,0.97213399
1512,-0.99146467,0.13037543
1513,-0.02486488,-0.99969083
1514,0.99672025,0.08092418
1515,-0.18580687,0.98258626
1516,-0.95744717,-0.28860849
1517,0.38817766,-0.92158455
1518,0.87540007,0.48339918
1519,-0.57320654,0.81941092
1520,-0.75424427,-0.65659392
1521,0.73262739,-0.68062997
1522,0.59939247,0.80045527
1523,-0.85931796,0.51144177
1524,-0.41776279,-0.90855616
1525,0.94761837,-0.31940481
1526,0.21746945,0.97606713
1527,-0.99358380,0.11309841
1528,-0.00746065,-0.99997216
1529,0.99516070,0.09826068
1530,-0.20288147,0.97920328
1531,-0.95227867,-0.30522996
1532,0.40415981,-0.91468841
1533,0.86685342,0.49856305
1534,-0.58738226,0.80930960
1535,-0.74270141,-0.66962278
1536,0.74436337,-0.66777480
1537,0.58536905,0.81076694
1538,-0.86808985,0.49640709
1539,-0.40188527,-0.91569000
1540,0.95303434,-0.30286229
1541,0.20044719,0.97970450
1542,-0.99540186,0.09578705
1543,0.00994591,-0.99995053
1544,0.99329960,0.11556748
1545,-0.21989468,0.97552359
1546,-0.94682157,-0.32175902
1547,0.42001960,-0.90751505
1548,0.85804415,0.51357591
1549,-0.60138011,0.79896307
1550,-0.73093349,-0.68244874
1551,0.75587386,-0.65471733
1552,0.57116818,0.82083303
1553,-0.87659878,0.48122194
1554,-0.38588589,-0.92254651
1555,0.95816159,-0.28622791
1556,0.18336409,0.98304504
1557,-0.99691832,0.07844659
1558,0.02734954,-0.99962592
1559,0.99113756,0.13283934
1560,-0.23684132,0.97154832
1561,-0.94107759,-0.33819064
1562,0.43575218,-0.90006667
1563,0.84897488,0.52843326
1564,-0.61519575,0.78837436
1565,-0.71894401,-0.69506800
1566,0.76715535,-0.64146137
1567,0.55679423,0.83065045
1568,-0.88484216,0.46589091
1569,-0.36976954,-0.92912352
1570,0.96299851,-0.26950672
1571,0.16622537,0.98608780
1572,-0.99813271,0.06108228
1573,0.04474495,-0.99899846
1574,0.98867524,0.15007102
1575,-0.25371629,0.96727866
1576,-0.93504846,-0.35451990
1577,0.45135280,-0.89234561
1578,0.83964831,0.54313052
1579,-0.62882507,0.77754682
1580,-0.70673668,-0.70747668
1581,0.77820450,-0.62801099
1582,0.54225147,0.84021622
1583,-0.89281744,0.45041865
1584,-0.35354111,-0.93541896
1585,0.96754366,-0.25270382
1586,0.14903621,0.98883176
1587,-0.99904472,0.04369939
1588,0.06212688,-0.99806827
1589,0.98591328,0.16725732
1590,-0.27051446,0.96271592
1591,-0.92873597,-0.37074178
1592,0.46681675,-0.88435405
1593,0.83006728,0.55766332
1594,-0.64226395,0.76648355
1595,-0.69431514,-0.71967113
1596,0.78901786,-0.61437029
1597,0.52754438,0.84952748
1598,-0.90052229,0.43480986
1599,-0.33720544,-0.94143111
1600,0.97179574,-0.23582427
1601,0.13180183,0.99127609
1602,-0.99965400,0.02630318
1603,0.07949007,-0.99683565
1604,0.98285258,0.18439300
1605,-0.28723073,0.95786142
1606,-0.92214209,-0.38685140
1607,0.48213932,-0.87609458
1608,0.82023466,0.57202715
1609,-0.65550822,0.75518805
1610,-0.68168318,-0.73164749
1611,0.79959220,-0.60054332
1612,0.51267731,0.85858136
1613,-0.90795428,0.41906926
1614,-0.32076755,-0.94715792
1615,0.97575331,-0.21887320
1616,0.11452743,0.99342006
1617,-0.99996042,0.00889893
1618,0.09682924,-0.99530101
1619,0.97949409,0.20147291
1620,-0.30386004,0.95271671
1621,-0.91526872,-0.40284389
1622,0.49731582,-0.86756957
1623,0.81015354,0.58621776
1624,-0.66855395,0.74366361
1625,-0.66884458,-0.74340224
1626,0.80992430,-0.58653438
1627,0.49765491,0.86737514
1628,-0.91511118,0.40320161
1629,-0.30423239,-0.95259786
1630,0.97941524,-0.20185573
1631,0.09721825,0.99526310
1632,-0.99996382,-0.00850810
1633,0.11413915,-0.99346477
1634,0.97583878,0.21849182
1635,-0.32039735,0.94728327
1636,-0.90811801,-0.41871437
1637,0.51234174,-0.85878164
1638,0.79982686,0.60023081
1639,-0.68139720,0.73191386
1640,-0.65580332,-0.75493181
1641,0.82001108,-0.57234764
1642,0.48248163,0.87590611
1643,-0.92199081,0.38721171
1644,-0.28760499,-0.95774913
1645,0.98278046,-0.18477702
1646,0.07987953,0.99680454
1647,-0.99966419,-0.02591262
1648,0.13141455,-0.99132752
1649,0.97188777,0.23544461
1650,-0.33683765,0.94156271
1651,-0.90069205,-0.43445808
1652,0.52721250,-0.84973347
1653,0.78925776,0.61406201
1654,-0.69403398,0.71994221
1655,-0.64256322,-0.76623267
1656,0.82984942,-0.55798739
1657,0.46716207,0.88417172
1658,-0.92859113,0.37110442
1659,-0.27089036,-0.96261019
1660,0.98584789,-0.16764225
1661,0.06251654,0.99804395
1662,-0.99906170,-0.04330936
1663,0.14865020,-0.98888981
1664,0.96764225,0.25232613
1665,-0.35317597,0.93555689
1666,-0.89299321,-0.45007017
1667,0.54192352,-0.84042782
1668,0.77844948,0.62770724
1669,-0.70646054,0.70775241
1670,-0.62912840,-0.77730137
1671,0.83943635,-0.54345804
1672,0.45170090,0.89216942
1673,-0.93491012,0.35488459
1674,-0.25409356,-0.96717966
1675,0.98861659,-0.15045661
1676,0.04513453,0.99898094
1677,-0.99815649,-0.06069306
1678,0.16584088,-0.98615253
1679,0.96310353,0.26913127
1680,-0.36940733,0.92926759
1681,-0.88502371,-0.46554598
1682,0.55647045,-0.83086741
1683,0.76740527,0.64116234
1684,-0.71867311,0.69534808
1685,-0.61550289,-0.78813463
1686,0.84876895,-0.52876395
1687,0.43610278,0.89989686
1688,-0.94094580,0.33855718
1689,-0.23721969,-0.97145605
1690,0.99108577,-0.13322531
1691,0.02773877,0.99961519
1692,-0.99694878,-0.07805844
1693,0.18298140,-0.98311639
1694,0.95827293,0.28585494
1695,-0.38552684,0.92269665
1696,-0.87678599,-0.48088077
1697,0.57084876,-0.82105523
1698,0.75612849,0.65442318
1699,-0.73066795,0.68273300
1700,-0.60169083,-0.79872912
1701,0.85784435,-0.51390958
1702,0.42037246,0.90735161
1703,-0.94669640,0.32212710
1704,-0.22027388,-0.97543806
1705,0.99325466,-0.11595355
1706,0.01033452,0.99994659
1707,-0.99543899,-0.09540025
1708,0.20006654,-0.97978234
1709,0.95315194,0.30249202
1710,-0.40152958,0.91584605
1711,-0.86828256,-0.49606991
1712,0.58505422,-0.81099421
1713,0.74462253,0.66748577
1714,-0.74244142,0.66991097
1715,-0.58769631,-0.80908161
1716,0.86665994,-0.49889940
1717,0.40451467,0.91453153
1718,-0.95216018,0.30559933
1719,-0.20326124,-0.97912455
1720,0.99512255,-0.09864659
1721,-0.00707293,0.99997497
1722,-0.99362755,-0.11271323
1723,0.21709111,-0.97615135
1724,0.94774204,0.31903756
1725,-0.41741073,0.90871793
1726,-0.85951602,-0.51110882
1727,0.59908241,-0.80068737
1728,0.73289090,0.68034619
1729,-0.75398999,0.65688592
1730,-0.57352370,-0.81918895
1731,0.87521285,-0.48373798
1732,0.38853425,0.92143428
1733,-0.95733547,0.28897890
1734,-0.18618694,-0.98251432
1735,0.99668890,-0.08130966
1736,-0.02447831,0.99970037
1737,-0.99151504,-0.12999213
1738,0.23404999,-0.97222453
1739,0.94204503,0.33548647
1740,-0.43316546,0.90131444
1741,-0.85048896,-0.52599293
1742,0.61292917,-0.79013789
1743,0.72093713,0.69300050
1744,-0.76531011,0.64366174
1745,-0.55917728,-0.82904810
1746,0.88350070,-0.46842989
1747,0.37243605,0.92805785
1748,-0.96222067,0.27227083
1749,-0.16905615,-0.98560643
1750,0.99795324,-0.06394801
1751,-0.04187635,0.99912280
1752,-0.98910201,-0.14723170
1753,0.25093803,-0.96800315
1754,0.93606246,0.35183379
1755,-0.44878900,0.89363778
1756,-0.84120417,-0.54071766
1757,0.62659019,-0.77934891
1758,0.70876485,0.70544481
1759,-0.77639836,0.63024247
1760,-0.54466128,-0.83865613
1761,0.89152080,-0.45297980
1762,0.35622489,0.93440026
1763,-0.96681428,0.25548017
1764,-0.15187405,-0.98839986
1765,0.99891520,-0.04656691
1766,-0.05926178,0.99824250
1767,-0.98638928,-0.16442673
1768,0.26775008,-0.96348840
1769,0.92979628,0.36807460
1770,-0.46427661,0.88569027
1771,-0.83166438,-0.55527866
1772,0.64006144,-0.76832372
1773,0.69637769,0.71767551
1774,-0.78725141,0.61663216
1775,-0.52998018,-0.84801000
1776,0.89927077,-0.43739238
1777,0.33990571,0.94045949
1778,-0.97111499,0.23861204
1779,-0.13464586,-0.99089378
1780,0.99957442,-0.02917163
1781,-0.07662933,0.99705964
1782,-0.98337764,-0.18157202
1783,0.28448108,-0.95868164
1784,0.92324829,0.38420391
1785,-0.47962359,0.87747437
1786,-0.82187253,-0.56967139
1787,0.65333879,-0.75706565
1788,0.68377948,0.72968870
1789,-0.79786593,0.60283488
1790,-0.51513845,-0.85710698
1791,0.90674829,-0.42167237
1792,0.32348347,0.94623381
1793,-0.97512138,0.22167151
1794,-0.11737679,-0.99308747
1795,0.99993074,-0.01176743
1796,-0.09397373,0.99557465
1797,-0.98006797,-0.19866236
1798,0.30112594,-0.95358437
1799,0.91642046,0.40021688
1800,-0.49482530,0.86899245
1801,-0.81183165,-0.58389157
1802,0.66641819,-0.74557811
1803,0.67097402,0.74148083
1804,-0.80823874,0.58885491
1805,-0.50014055,-0.86594427
1806,0.91395104,-0.40582448
1807,0.30696312,0.95172143
1808,-0.97883236,0.20466374
1809,-0.10007208,-0.99498022
1810,0.99998409,0.00564041
1811,-0.11128972,0.99378800
1812,-0.97646135,-0.21569258
1813,0.31767964,-0.94819808
1814,0.90931493,0.41610861
1815,-0.50987715,0.86024725
1816,-0.80154467,-0.59793490
1817,0.67929572,-0.73386461
1818,0.65796518,0.75304836
1819,-0.81836665,0.57469642
1820,-0.48499098,-0.87451917
1821,0.92087686,-0.38985357
1822,0.29034969,0.95692062
1823,-0.98224670,0.18759386
1824,-0.08273696,-0.99657142
1825,0.99973440,0.02304662
1826,-0.12857208,0.99170017
1827,-0.97255874,-0.23265749
1828,0.33413711,-0.94252449
1829,0.90193379,0.43187433
1830,-0.52477449,0.85124129
1831,-0.79101473,-0.61179709
1832,0.69196749,-0.72192866
1833,0.64475691,0.76438767
1834,-0.82824665,0.56036377
1835,-0.46969441,-0.88282907
1836,0.92752367,-0.37376443
1837,0.27364820,0.96182984
1838,-0.98536336,0.17046708
1839,-0.06537670,-0.99786067
1840,0.99918175,0.04044592
1841,-0.14581554,0.98931181
1842,-0.96836138,-0.24955198
1843,0.35049340,-0.93656522
1844,0.89427930,0.44750926
1845,-0.53951293,0.84197730
1846,-0.78024507,-0.62547398
1847,0.70442957,-0.70977390
1848,0.63135314,0.77549547
1849,-0.83787566,0.54586118
1850,-0.45425543,-0.89087147
1851,0.93388945,-0.35756195
1852,0.25686371,0.96644765
1853,-0.98818147,0.15328856
1854,-0.04799654,-0.99884748
1855,0.99832624,0.05783304
1856,-0.16301487,0.98662359
1857,-0.96387058,-0.26637092
1858,0.36674356,-0.93032205
1859,0.88635379,0.46300864
1860,-0.55408794,0.83245814
1861,-0.76923889,-0.63896132
1862,0.71667826,-0.69740397
1863,0.61775804,0.78636825
1864,-0.84725076,0.53119308
1865,-0.43867871,-0.89864397
1866,0.93997222,-0.34125105
1867,0.24000131,0.97077256
1868,-0.99070013,0.13606350
1869,-0.03060177,-0.99953163
1870,0.99716824,0.07520270
1871,-0.18016490,0.98363644
1872,-0.95908767,-0.28310922
1873,0.38288265,-0.92379701
1874,0.87815958,0.47836775
1875,-0.56849504,0.82268667
1876,-0.75799954,-0.65225512
1877,0.72870976,-0.68482268
1878,0.60397565,0.79700279
1879,-0.85636920,0.51636398
1880,-0.42296898,-0.90614414
1881,0.94577014,-0.32483664
1882,0.22306609,0.97480333
1883,-0.99291855,0.11879715
1884,-0.01319765,-0.99991292
1885,0.99570805,0.09254966
1886,-0.19726039,0.98035115
1887,-0.95401406,-0.29976177
1888,0.39890578,-0.91699189
1889,0.86969930,0.49358198
1890,-0.58272994,0.81266588
1891,-0.74653041,-0.66535127
1892,0.74052054,-0.67203373
1893,0.59001017,0.80739582
1894,-0.86522818,0.50137836
1895,-0.40713102,-0.91336977
1896,0.95128149,-0.30832374
1897,0.20606320,0.97853869
1898,-0.99483609,0.10149471
1899,0.00421055,-0.99999112
1900,0.99394614,0.10986864
1901,-0.21429619,0.97676873
1902,-0.94865137,-0.31632358
1903,0.41480809,-0.90990895
1904,0.86097533,0.50864667
1905,-0.59678835,0.80239868
1906,-0.73483503,-0.67824584
1907,0.75210690,-0.65904111
1908,0.57586581,0.81754422
1909,-0.87382489,0.48624068
1910,-0.39116961,-0.92031860
1911,0.95650458,-0.29171735
1912,0.18899779,0.98197752
1913,-0.99645215,0.08416144
1914,0.02161754,-0.99976629
1915,0.99188292,0.12715439
1916,-0.23126711,0.97289032
1917,-0.94300109,-0.33278957
1918,0.43058476,-0.90255016
1919,0.85199046,0.52355731
1920,-0.61066592,0.79188836
1921,-0.72291690,-0.69093496
1922,0.76346540,-0.64584869
1923,0.56154686,0.82744491
1924,-0.88215691,0.47095561
1925,-0.37508956,-0.92698860
1926,0.96143782,-0.27502245
1927,0.17187503,0.98511875
1928,-0.99776620,0.06680258
1929,0.03901806,-0.99923849
1930,0.98951918,0.14440170
1931,-0.24816802,0.96871698
1932,-0.93706506,-0.34915480
1933,0.44623101,-0.89491779
1934,0.84274733,0.53830934
1935,-0.62435848,0.78113794
1936,-0.71077967,-0.70341474
1937,0.77459264,-0.63246047
1938,0.54705769,0.83709490
1939,-0.89022160,0.45552772
1940,-0.35889578,-0.93337762
1941,0.96607971,-0.25824413
1942,0.15470012,0.98796147
1943,-0.99877793,0.04942341
1944,0.05640683,-0.99840784
1945,0.98685545,0.16160531
1946,-0.26499379,0.96425015
1947,-0.93084502,-0.36541429
1948,0.46174207,-0.88701421
1949,0.83324873,0.55289829
1950,-0.63786191,0.77015078
1951,-0.69842690,-0.71568137
1952,0.78548509,-0.61888057
1953,0.53240263,0.84649122
1954,-0.89801651,0.43996173
1955,-0.34259316,-0.93948388
1956,0.97042882,-0.24138749
1957,0.13747823,0.99050480
1958,-0.99948692,0.03202919
1959,0.07377858,-0.99727464
1960,0.98389268,0.17876002
1961,-0.28173932,0.95949101
1962,-0.92434281,-0.38156310
1963,0.47711328,-0.87884182
1964,0.82349759,0.56731969
1965,-0.65117210,0.75893015
1966,-0.68586248,-0.72773117
1967,0.79613960,-0.60511303
1968,0.51758623,0.85563105
1969,-0.90553933,0.42426234
1970,-0.32618666,-0.94530541
1971,0.97448385,-0.22445761
1972,0.12021461,0.99274790
1973,-0.99989307,0.01462518
1974,0.09112806,-0.99583918
1975,0.98063177,0.19586064
1976,-0.29839954,0.95444107
1977,-0.91756046,-0.39759633
1978,0.49233997,-0.87040299
1979,0.81349689,0.58156931
1980,-0.66428494,0.74747944
1981,-0.67309010,-0.73956048
1982,0.80655283,-0.59116203
1983,0.50261283,0.86451161
1984,-0.91278774,0.40843430
1985,-0.30968121,-0.95084047
1986,0.97824359,-0.20745964
1987,0.10291448,0.99469018
1988,-0.99999613,-0.00278334
1989,0.10844998,-0.99410188
1990,0.97707355,0.21290196
1991,-0.31496942,0.94910181
1992,-0.91049999,-0.41350913
1993,0.50741750,-0.86170036
1994,0.80324954,0.59564269
1995,-0.67719656,0.73580217
1996,-0.66011369,-0.75116569
1997,0.81672168,-0.57703179
1998,0.48748708,0.87313020
1999,-0.91975951,0.39248240
2000,-0.29308185,-0.95608735
2001,0.98170686,-0.19039871
2002,0.08558308,0.99633104
2003,-0.99979615,-0.02019109
2004,0.12573911,-0.99206334
2005,0.97321928,0.22987884
2006,-0.33144388,0.94347495
2007,-0.90316349,-0.42929670
2008,0.52234131,-0.85273653
2009,0.79275870,0.60953557
2010,-0.68990296,0.72390187
2011,-0.64693713,-0.76254332
2012,0.82664305,-0.56272662
2013,0.47221351,0.88148421
2014,-0.92645258,0.37641147
2015,-0.27639356,-0.96104455
2016,0.98487258,-0.17328002
2017,0.06822568,0.99766994
2018,-0.99929315,-0.03759279
2019,0.14299022,-0.98972410
2020,0.96906996,0.24678612
2021,-0.34781799,0.93756211
2022,-0.89555329,-0.44495422
2023,0.53710687,-0.84351420
2024,0.78202754,0.62324387
2025,-0.70240039,0.71178210
2026,-0.63356447,-0.77368987
2027,0.83631390,-0.54825085
2028,0.45679674,0.88957107
2029,-0.93286490,0.36022639
2030,-0.25962147,-0.96571046
2031,0.98773986,-0.15610872
2032,0.05084752,0.99870640
2033,-0.99848729,-0.05498318
2034,0.16019805,-0.98708487
2035,0.96462697,0.26361868
2036,-0.36408675,0.93136507
2037,-0.88767165,-0.46047693
2038,0.55170971,-0.83403617
2039,0.77105933,0.63676327
2040,-0.71468496,0.69944650
2041,-0.61999977,-0.78460199
2042,0.84573138,-0.53360885
2043,0.44124147,0.89738840
2044,-0.93899453,0.34393209
2045,-0.24277060,-0.97008371
2046,0.99030781,-0.13889003
2047,0.03345387,0.99944025
2048,-0.99737883,-0.07235698
2049,0.17735742,-0.98414654
2050,0.95989162,0.28037143
2051,-0.38024521,0.92488569
2052,-0.87952095,-0.47586018
2053,0.56614542,-0.82430536
2054,0.75985742,0.65008974
2055,-0.72675294,0.68689895
2056,-0.60624707,-0.79527634
2057,0.85489255,-0.51880509
2058,0.42555240,0.90493375
2059,-0.94483960,0.32753345
2060,-0.22584608,-0.97416300
2061,0.99257559,-0.12162919
2062,0.01605001,0.99987119
2063,-0.99596804,-0.08970892
2064,0.19446310,-0.98090982
2065,0.95486528,0.29703924
2066,-0.39628851,0.91812605
2067,-0.87110364,-0.49109927
2068,0.58040965,-0.81432468
2069,0.74842513,0.66321927
2070,-0.73860073,0.67414314
2071,-0.59231055,-0.80570978
2072,0.86379468,-0.50384402
2073,0.40973431,0.91220492
2074,-0.95039827,0.31103551
2075,-0.20885305,-0.97794706
2076,0.99454260,-0.10433140
2077,-0.00135879,0.99999911
2078,-0.99425536,-0.10703375
2079,0.21150991,-0.97737586
2080,0.94954950,0.31361714
2081,-0.41221178,0.91108805
2082,-0.86242223,-0.50618958
2083,0.59449792,-0.80409712
2084,0.73676598,0.67614782
2085,-0.75022477,0.66118288
2086,-0.57819444,-0.81589901
2087,0.87243503,-0.48873013
2088,0.39379194,0.91919959
2089,-0.95566899,0.29444319
2090,-0.19179663,-0.98143470
2091,0.99620813,-0.08700191
2092,-0.01876725,0.99982387
2093,-0.99224138,-0.12432621
2094,0.22849271,-0.97354561
2095,0.94394594,0.33010003
2096,-0.42801017,0.90377390
2097,-0.85347944,-0.52112651
2098,0.60840613,-0.79362583
2099,0.72488344,0.68887150
2100,-0.76162142,0.64802223
2101,-0.56390309,-0.82584095
2102,0.88081098,-0.47346810
2103,0.37773016,0.92591572
2104,-0.96065003,0.27776158
2105,-0.17468201,-0.98462492
2106,0.99757177,-0.06964598
2107,-0.03617010,0.99934566
2108,-0.98992664,-0.14158107
2109,0.24540631,-0.96942031
2110,0.93805629,0.34648296
2111,-0.44367892,0.89618582
2112,-0.84427792,-0.53590560
2113,0.62213004,-0.78291392
2114,0.71278119,0.70138645
2115,-0.77278727,0.63466513
2116,-0.54944074,-0.83553272
2117,0.88892001,-0.45806247
2118,0.36155382,0.93235123
2119,-0.96533996,0.26099569
2120,-0.15751438,-0.98751670
2121,0.99863303,-0.05226886
2122,-0.05356207,0.99856454
2123,-0.98731190,-0.15879309
2124,0.26224560,-0.96500117
2125,0.93188226,0.36276093
2126,-0.45921326,0.88832605
2127,-0.83482045,-0.55052227
2128,0.63566536,-0.77196473
2129,0.70046282,0.71368891
2130,-0.78371894,0.62111557
2131,-0.53481174,-0.84497124
2132,0.89675963,-0.44251794
2133,0.34526780,0.93850422
2134,-0.96973729,0.24415064
2135,-0.14029892,-0.99010921
2136,0.99939167,-0.03487583
2137,-0.07093787,0.99748075
2138,-0.98439783,-0.17595707
2139,0.27900550,-0.96028948
2140,0.92542577,0.37892902
2141,-0.47460845,0.88019705
2142,-0.82510996,-0.56497222
2143,0.64900815,-0.76078147
2144,0.68793207,0.72577506
2145,-0.79441315,0.60737771
2146,-0.52002066,-0.85415369
2147,0.90432751,-0.42683920
2148,0.32887709,0.94437271
2149,-0.97384077,0.22723150
2150,-0.12304087,-0.99240160
2151,0.99984735,-0.01747215
2152,-0.08829226,0.99609458
2153,-0.98118544,-0.19306777
2154,0.29568088,-0.95528674
2155,0.91868871,0.39498234
2156,-0.48985991,0.87180120
2157,-0.81514931,-0.57925093
2158,0.66215426,-0.74936759
2159,0.67519277,0.73764127
2160,-0.80486661,0.59345573
2161,-0.50507182,-0.86307728
2162,0.91162133,-0.41103104
2163,0.31238663,0.94995505
2164,-0.97764909,0.21024342
2165,-0.10574545,-0.99439323
2166,1.00000000,-0.00006310
2167,-0.10561995,0.99440658
2168,-0.97767562,-0.21012004
2169,0.31226674,-0.94999444
2170,0.91167319,0.41091600
2171,-0.50496292,0.86314106
2172,-0.80494153,-0.59335417
2173,0.67509973,-0.73772651
2174,0.66224879,0.74928403
2175,-0.81507617,0.57935381
2176,-0.48996988,-0.87173933
2177,0.91863889,-0.39509824
2178,0.29580140,0.95524943
2179,-0.98116106,0.19319154
2180,-0.08841790,-0.99608344
2181,0.99984956,0.01734604
2182,-0.12291571,0.99241710
2183,-0.97386944,-0.22710869
2184,0.32875800,-0.94441420
2185,0.90438133,0.42672518
2186,-0.51991296,0.85421926
2187,-0.79448974,-0.60727757
2188,0.68784058,-0.72586179
2189,0.64910400,0.76069969
2190,-0.82503873,0.56507617
2191,-0.47471938,-0.88013721
2192,0.92537796,-0.37904561
2193,0.27912647,0.96025437
2194,-0.98437566,0.17608105
2195,-0.07106348,-0.99747181
2196,0.99939603,0.03475000
2197,-0.14017428,0.99012685
2198,-0.96976805,-0.24402858
2199,0.34514970,-0.93854767
2200,0.89681530,0.44240510
2201,-0.53470546,0.84503847
2202,-0.78379709,-0.62101704
2203,0.70037305,-0.71377701
2204,0.63576245,0.77188480
2205,-0.83475125,0.55062723
2206,-0.45932487,-0.88826835
2207,0.93183666,-0.36287799
2208,0.26236683,0.96496820
2209,-0.98729193,0.15891708
2210,-0.05368744,-0.99855781
2211,0.99863958,0.05214351
2212,-0.15739045,0.98753643
2213,-0.96537268,-0.26087457
2214,0.36143687,-0.93239659
2215,0.88897747,0.45795098
2216,-0.54933596,0.83560157
2217,-0.77286679,-0.63456827
2218,0.71269327,-0.70147580
2219,0.62222809,0.78283602
2220,-0.84421080,0.53601134
2221,-0.44379109,-0.89613026
2222,0.93801290,-0.34660035
2223,0.24552760,0.96938962
2224,-0.98990893,0.14170489
2225,-0.03629506,-0.99934113
2226,0.99758047,0.06952129
2227,-0.17455898,0.98464674
2228,-0.96068472,-0.27764156
2229,0.37761453,-0.92596287
2230,0.88087004,0.47335812
2231,-0.56380004,0.82591134
2232,-0.76170224,-0.64792722
2233,0.72479755,-0.68896192
2234,0.60850507,0.79354995
2235,-0.85341448,0.52123284
2236,-0.42812273,-0.90372062
2237,0.94390488,-0.33021757
2238,0.22861387,0.97351718
2239,-0.99222594,0.12444966
2240,-0.01889160,-0.99982154
2241,0.99621898,0.08687806
2242,-0.19167466,0.98145854
2243,-0.95570552,-0.29432449
2244,0.39367780,-0.91924846
2245,0.87249565,0.48862186
2246,-0.57809323,0.81597072
2247,-0.75030673,-0.66108990
2248,0.73668218,-0.67623913
2249,0.59459758,0.80402344
2250,-0.86235952,0.50629634
2251,-0.41232455,-0.91103703
2252,0.94951069,-0.31373462
2253,0.21163078,0.97734970
2254,-0.99424213,0.10715664
2255,-0.00148233,-0.99999893
2256,0.99455547,0.10420858
2257,-0.20873234,0.97797281
2258,-0.95043665,-0.31091824
2259,0.40962183,-0.91225541
2260,0.86385673,0.50373757
2261,-0.59221131,0.80578274
2262,-0.73868376,-0.67405218
2263,0.74834353,-0.66331136
2264,0.58050978,0.81425327
2265,-0.87104326,0.49120632
2266,-0.39640129,-0.91807735
2267,0.95482880,-0.29715648
2268,0.19458346,0.98088598
2269,-0.99595702,0.08983107
2270,0.01592746,-0.99987316
2271,0.99259049,0.12150759
2272,-0.22572681,0.97419065
2273,-0.94487965,-0.32741785
2274,0.42544174,-0.90498579
2275,0.85495597,0.51870060
2276,-0.60614991,0.79535043
2277,-0.72683680,-0.68681020
2278,0.75977814,-0.65018243
2279,0.56624591,0.82423633
2280,-0.87946296,0.47596735
2281,-0.38035783,-0.92483938
2282,0.95985746,-0.28048822
2283,0.17747709,0.98412496
2284,-0.99737000,0.07247818
2285,0.03333249,-0.99944431
2286,0.99032468,0.13876984
2287,-0.24265294,0.97011316
2288,-0.93903619,-0.34381828
2289,0.44113278,-0.89744186
2290,0.84579599,0.53350651
2291,-0.61990488,0.78467697
2292,-0.71476948,-0.69936013
2293,0.77098244,-0.63685638
2294,0.55181038,0.83396959
2295,-0.88761610,0.46058401
2296,-0.36419898,-0.93132114
2297,0.96459520,-0.26373485
2298,0.16031685,0.98706561
2299,-0.99848068,0.05510326
2300,0.05072750,-0.99871254
2301,0.98775864,0.15599011
2302,-0.25950560,0.96574163
2303,-0.93290812,-0.36011454
2304,0.45669016,-0.88962579
2305,0.83637953,0.54815078
2306,-0.63347197,0.77376568
2307,-0.70248544,-0.71169811
2308,0.78195310,-0.62333727
2309,0.53720754,0.84345007
2310,-0.89550024,0.44506100
2311,-0.34792969,-0.93752062
2312,0.96904057,-0.24690148
2313,0.14310794,0.98970711
2314,-0.99928868,0.03771155
2315,0.06810721,-0.99767798
2316,0.98489314,0.17316316
2317,-0.27627963,0.96107727
2318,-0.92649716,-0.37630174
2319,0.47210917,-0.88154006
2320,0.82670957,0.56262892
2321,-0.64684707,0.76261973
2322,-0.68998843,-0.72382039
2323,0.79268682,-0.60962909
2324,0.52244174,0.85267496
2325,-0.90311301,0.42940301
2326,-0.33155483,-0.94343597
2327,0.97319221,-0.22999319
2328,0.12585557,0.99204856
2329,-0.99979377,0.02030834
2330,0.08546635,-0.99634105
2331,0.98172915,0.19028379
2332,-0.29297003,0.95612162
2333,-0.91980535,-0.39237493
2334,0.48738515,-0.87318712
2335,0.81678897,0.57693654
2336,-0.66002619,0.75124258
2337,-0.67728221,-0.73572332
2338,0.80318028,-0.59573609
2339,0.50751758,0.86164141
2340,-0.91045201,0.41361478
2341,-0.31507942,-0.94906533
2342,0.97704893,-0.21301511
2343,0.10856497,0.99408937
2344,-0.99999583,0.00289889
2345,0.10279965,-0.99470210
2346,0.97826749,0.20734683
2347,-0.30957168,0.95087612
2348,-0.91283470,-0.40832925
2349,0.50251347,-0.86456937
2350,0.80662072,0.59106940
2351,-0.67300528,0.73963767
2352,-0.66437060,-0.74740332
2353,0.81343031,-0.58166242
2354,0.49243948,0.87034667
2355,-0.91751504,0.39770111
2356,-0.29850844,-0.95440698
2357,0.98060942,-0.19597238
2358,0.09124140,0.99582881
2359,-0.99989468,-0.01451150
2360,0.12010188,-0.99276155
2361,0.97450930,0.22434708
2362,-0.32607955,0.94534236
2363,-0.90558732,-0.42415985
2364,0.51748949,-0.85568959
2365,0.79620790,0.60502315
2366,-0.68578041,0.72780854
2367,-0.65125757,-0.75885677
2368,0.82343382,-0.56741238
2369,0.47721201,0.87878817
2370,-0.92429996,0.38166681
2371,-0.28184685,-0.95945942
2372,0.98387271,-0.17887017
2373,0.07389009,0.99726641
2374,-0.99949050,-0.03191758
2375,0.13736776,-0.99052012
2376,0.97045571,0.24127939
2377,-0.34248865,0.93952197
2378,-0.89806539,-0.43986195
2379,0.53230876,-0.84655029
2380,0.78555369,0.61879355
2381,-0.69834769,0.71575868
2382,-0.63794702,-0.77008027
2383,0.83318770,-0.55299026
2384,0.46183985,0.88696331
2385,-0.93080479,0.36551675
2386,-0.26509979,-0.96422100
2387,0.98683774,-0.16171366
2388,0.05651630,0.99840170
2389,-0.99878335,-0.04931405
2390,0.15459208,-0.98797840
2391,0.96610790,0.25813866
2392,-0.35879400,0.93341678
2393,-0.89027119,-0.45543081
2394,0.54696667,-0.83715439
2395,0.77466130,0.63237637
2396,-0.71070337,0.70349181
2397,-0.62444305,-0.78107035
2398,0.84268916,-0.53840041
2399,0.44632763,0.89486963
2400,-0.93702739,0.34925583
2401,-0.24827230,-0.96869028
2402,0.98950362,-0.14450806
2403,0.03912531,0.99923432
2404,-0.99777335,-0.06669565
2405,0.17176962,-0.98513716
2406,0.96146721,0.27491972
2407,-0.37499067,0.92702860
2408,-0.88220710,-0.47086164
2409,0.56145889,-0.82750463
2410,0.76353401,0.64576763
2411,-0.72284365,0.69101161
2412,-0.61074978,-0.79182369
2413,0.85193509,-0.52364737
2414,0.43068001,0.90250468
2415,-0.94296604,0.33288893
2416,-0.23136945,-0.97286594
2417,0.99186957,-0.12725858
2418,0.02172238,0.99976403
2419,-0.99646091,-0.08405712
2420,0.18889515,-0.98199725
2421,0.95653498,0.29161751
2422,-0.39107370,0.92035937
2423,-0.87387550,-0.48614982
2424,0.57578093,-0.81760401
2425,0.75217521,0.65896314
2426,-0.73476487,0.67832190
2427,-0.59687126,-0.80233705
2428,0.86092287,-0.50873548
2429,0.41490176,0.90986621
2430,-0.94861883,0.31642109
2431,-0.21439640,-0.97674674
2432,0.99393487,-0.10997044
2433,0.00431279,0.99999070
2434,-0.99484640,-0.10139316
2435,0.20596351,-0.97855967
2436,0.95131284,0.30822700
2437,-0.40703830,0.91341108
2438,-0.86527896,-0.50129068
2439,0.58992845,-0.80745548
2440,0.74058837,0.67195898
2441,-0.74646336,0.66542649
2442,-0.58281171,-0.81260723
2443,0.86964971,-0.49366930
2444,0.39899769,0.91695195
2445,-0.95398408,0.29985723
2446,-0.19735830,-0.98033142
2447,0.99569887,-0.09264890
2448,-0.01309818,0.99991423
2449,-0.99293035,-0.11869856
2450,0.22296949,-0.97482544
2451,0.94580227,0.32474312
2452,-0.42287955,0.90618593
2453,-0.85642010,-0.51627964
2454,0.60389727,-0.79706216
2455,0.72877699,0.68475115
2456,-0.75793564,0.65232933
2457,-0.56857544,-0.82263112
2458,0.87811291,-0.47845343
2459,0.38297260,0.92375970
2460,-0.95906019,0.28320238
2461,-0.18026027,-0.98361897
2462,0.99716097,-0.07529919
2463,-0.03050526,0.99953461
2464,-0.99071324,-0.13596804
2465,0.23990795,-0.97079563
2466,0.94000494,0.34116083
2467,-0.43859267,0.89868599
2468,-0.84730154,-0.53111213
2469,0.61768305,-0.78642714
2470,0.71674460,0.69733578
2471,-0.76917821,0.63903433
2472,-0.55416679,-0.83240569
2473,0.88630998,-0.46309242
2474,0.36683133,0.93028748
2475,-0.96384555,0.26646164
2476,-0.16310753,-0.98660833
2477,0.99832082,-0.05792658
2478,-0.04790316,0.99885195
2479,-0.98819578,-0.15319638
2480,0.25677377,-0.96647155
2481,0.93392265,0.35747522
2482,-0.45417288,0.89091355
2483,-0.83792609,-0.54578370
2484,0.63128167,-0.77555364
2485,0.70449483,0.70970911
2486,-0.78018761,0.62554556
2487,-0.53959000,-0.84192789
2488,0.89423841,-0.44759095
2489,0.35057878,0.93653327
2490,-0.96833873,0.24964003
2491,-0.14590527,-0.98929858
2492,0.99917805,-0.04053633
2493,-0.06528662,0.99786657
2494,-0.98537874,-0.17037834
2495,0.27356181,-0.96185440
2496,0.92755717,0.37368131
2497,-0.46961549,0.88287103
2498,-0.82829660,-0.56028992
2499,0.64468890,-0.76444501
2500,0.69203150,0.72186726
2501,-0.79096061,0.61186707
2502,-0.52484965,-0.85119498
2503,0.90189576,-0.43195376
2504,0.33421987,0.94249511
2505,-0.97253835,0.23274267
2506,-0.12865870,-0.99168891
2507,0.99973238,-0.02313372
2508,-0.08265036,0.99657863
2509,-0.98226291,-0.18750875
2510,0.29026699,-0.95694572
2511,0.92091048,0.38977417
2512,-0.48491579,0.87456083
2513,-0.81841594,-0.57462627
2514,0.65790081,-0.75310457
2515,0.67935830,0.73380673
2516,-0.80149382,0.59800309
2517,-0.50995004,-0.86020398
2518,0.90927970,-0.41618550
2519,0.31775957,0.94817132
2520,-0.97644317,0.21577469
2521,-0.11137305,-0.99377865
2522,0.99998361,-0.00572402
2523,-0.09998912,0.99498850
2524,-0.97884935,-0.20458236
2525,0.30688423,-0.95174682
2526,0.91398460,0.40574893
2527,-0.50006920,0.86598545
2528,-0.80828714,-0.58878851
2529,0.67091328,-0.74153578
2530,0.66647911,0.74552369
2531,-0.81178409,0.58395773
2532,-0.49489585,-0.86895227
2533,0.91638803,-0.40029103
2534,0.30120289,0.95356005
2535,-0.98005199,0.19874120
2536,-0.09405357,-0.99556714
2537,0.99993169,0.01168749
2538,-0.11729765,0.99309683
2539,-0.97513902,-0.22159404
2540,0.32340854,-0.94625944
2541,0.90678155,0.42160079
2542,-0.51507103,0.85714751
2543,-0.79791325,-0.60277230
2544,0.68372244,-0.72974217
2545,0.65339780,0.75701475
2546,-0.82182831,0.56973523
2547,-0.47969151,-0.87743723
2548,0.92321861,-0.38427514
2549,0.28455481,0.95865977
2550,-0.98336375,0.18164739
2551,-0.07670549,-0.99705380
2552,0.99957663,0.02909554
2553,-0.13457069,0.99090397
2554,-0.97113299,-0.23853861
2555,0.33983484,-0.94048512
2556,0.89930362,0.43732488
2557,-0.52991676,0.84804964
2558,-0.78729737,-0.61657345
2559,0.69632441,-0.71772718
2560,0.64011830,0.76827633
2561,-0.83162344,0.55533999
2562,-0.46434170,-0.88565612
2563,0.92976934,-0.36814269
2564,0.26782039,0.96346885
2565,-0.98637736,0.16449845
2566,-0.05933408,-0.99823821
2567,0.99891853,0.04649483
2568,-0.15180300,0.98841077
2569,-0.96683258,-0.25541094
2570,0.35615823,-0.93442565
2571,0.89155298,0.45291644
2572,-0.54460192,0.83869469
2573,-0.77644283,-0.63018769
2574,0.70871526,-0.70549464
2575,0.62664473,0.77930504
2576,-0.84116644,0.54077631
2577,-0.44885102,-0.89360660
2578,0.93603814,-0.35189855
2579,0.25100470,0.96798587
2580,-0.98909193,0.14729954
2581,-0.04194462,-0.99911994
2582,0.99795759,0.06388011
2583,-0.16898936,0.98561788
2584,-0.96223903,-0.27220589
2585,0.37237367,-0.92808288
2586,0.88353199,0.46837077
2587,-0.55912203,0.82908541
2588,-0.76535279,-0.64361095
2589,0.72089136,-0.69304812
2590,0.61298114,0.79009753
2591,-0.85045451,0.52604860
2592,-0.43322423,-0.90128618
2593,0.94202322,-0.33554763
2594,0.23411284,0.97220945
2595,-0.99150664,0.13005592
2596,-0.02454235,-0.99969882
2597,0.99669409,0.08124610
2598,-0.18612458,0.98252618
2599,-0.95735371,-0.28891841
2600,0.38847631,-0.92145872
2601,0.87524319,0.48368317
2602,-0.57347268,0.81922472
2603,-0.75403070,-0.65683913
2604,0.73284888,-0.68039143
2605,0.59913158,0.80065054
2606,-0.85948479,0.51116139
2607,-0.41746601,-0.90869254
2608,0.94772273,-0.31909493
2609,0.21714993,0.97613823
2610,-0.99362081,0.11277279
2611,-0.00713258,-0.99997455
2612,0.99512839,0.09858753
2613,-0.20320342,0.97913653
2614,-0.95217812,-0.30554339
2615,0.40446123,-0.91455513
2616,0.86668891,0.49884900
2617,-0.58764952,0.80911559
2618,-0.74247998,-0.66986829
2619,0.74458432,-0.66752839
2620,0.58510035,0.81096089
2621,-0.86825448,0.49611908
2622,-0.40158114,-0.91582346
2623,0.95313495,-0.30254543
2624,0.20012110,0.97977120
2625,-0.99543369,0.09545539
2626,0.01027944,-0.99994719
2627,0.99326098,0.11589915
2628,-0.22022074,0.97545004
2629,-0.94671386,-0.32207584
2630,0.42032361,-0.90737426
2631,0.85787189,0.51386362
2632,-0.60164827,0.79876113
2633,-0.73070407,-0.68269438
2634,0.75609410,-0.65446293
2635,0.57089168,0.82102537
2636,-0.87676102,0.48092633
2637,-0.38557449,-0.92267674
2638,0.95825821,-0.28590411
2639,0.18303154,0.98310703
2640,-0.99694484,0.07810898
2641,0.02768841,-0.99961662
2642,0.99109244,0.13317570
2643,-0.23717138,0.97146785
2644,-0.94096255,-0.33851069
2645,0.43605861,-0.89991826
2646,0.84879470,0.52872258
2647,-0.61546469,0.78816444
2648,-0.71870655,-0.69531351
2649,0.76737463,-0.64119899
2650,0.55650985,0.83084100
2651,-0.88500178,0.46558771
2652,-0.36945084,-0.92925030
2653,0.96309102,-0.26917604
2654,0.16588642,0.98614484
2655,-0.99815369,0.06073882
2656,0.04508907,-0.99898297
2657,0.98862338,0.15041195
2658,-0.25405017,0.96719104
2659,-0.93492591,-0.35484299
2660,0.45166147,-0.89218938
2661,0.83946013,0.54342127
2662,-0.62909460,0.77732879
2663,-0.70649111,-0.70772189
2664,0.77842259,-0.62774062
2665,0.54195929,0.84040475
2666,-0.89297420,0.45010784
2667,-0.35321510,-0.93554211
2668,0.96763176,-0.25236630
2669,0.14869091,0.98888373
2670,-0.99905992,0.04335016
2671,0.06247613,-0.99804646
2672,0.98585463,0.16760267
2673,-0.27085203,0.96262097
2674,-0.92860579,-0.37106776
2675,0.46712747,-0.88418996
2676,0.82987106,0.55795521
2677,-0.64253378,0.76625735
2678,-0.69406140,-0.71991581
2679,0.78923458,-0.61409181
2680,0.52724427,0.84971374
2681,-0.90067595,0.43449146
2682,-0.33687222,-0.94155037
2683,0.97187918,-0.23547995
2684,0.13145025,0.99132276
2685,-0.99966329,0.02594828
2686,0.07984432,-0.99680734
2687,0.98278695,0.18474264
2688,-0.28757182,0.95775908
2689,-0.92200410,-0.38718012
2690,0.48245192,-0.87592244
2691,0.82003027,0.57232010
2692,-0.65577823,0.75495356
2693,-0.68142122,-0.73189145
2694,0.79980731,-0.60025680
2695,0.51236933,0.85876518
2696,-0.90810466,0.41874325
2697,-0.32042712,-0.94727319
2698,0.97583199,-0.21852215
2699,0.11416966,0.99346125
2700,-0.99996352,0.00853846
2701,0.09718838,-0.99526602
2702,0.97942126,0.20182669
2703,-0.30420449,0.95260674
2704,-0.91512287,-0.40317515
2705,0.49763012,-0.86738932
2706,0.80994087,0.58651155
2707,-0.66882390,0.74342090
2708,-0.66857439,-0.74364525
2709,0.81013763,-0.58623976
2710,0.49733904,0.86755627
2711,-0.91525805,0.40286803
2712,-0.30388480,-0.95270878
2713,0.97948891,-0.20149802
2714,0.09685439,0.99529856
2715,-0.99996060,-0.00887403
2716,0.11450305,-0.99342293
2717,0.97575861,0.21884961
2718,-0.32074502,0.94716561
2719,-0.90796411,-0.41904801
2720,0.51265752,-0.85859317
2721,0.79960585,0.60052520
2722,-0.68166685,0.73166269
2723,-0.65552479,-0.75517368
2724,0.82022232,-0.57204485
2725,0.48215786,0.87608433
2726,-0.92213404,0.38687059
2727,-0.28725028,-0.95785558
2728,0.98284888,-0.18441272
2729,0.07950968,0.99683410
2730,-0.99965453,-0.02628389
2731,0.13178308,-0.99127859
2732,0.97180009,0.23580626
2733,-0.33718836,0.94143718
2734,-0.90052998,-0.43479386
2735,0.52752960,-0.84953666
2736,0.78902829,0.61435682
2737,-0.69430315,0.71968263
2738,-0.64227635,-0.76647311
2739,0.83005840,-0.55767643
2740,0.46683043,0.88434684
2741,-0.92873037,0.37075579
2742,-0.27052861,-0.96271193
2743,0.98591089,-0.16727144
2744,0.06214077,0.99806738
2745,-0.99904531,-0.04368587
2746,0.14902322,-0.98883373
2747,0.96754688,0.25269148
2748,-0.35352954,0.93542337
2749,-0.89282286,-0.45040798
2750,0.54224175,-0.84022254
2751,0.77821147,0.62800229
2752,-0.70672905,0.70748430
2753,-0.62883317,-0.77754027
2754,0.83964282,-0.54313892
2755,0.45136139,0.89234126
2756,-0.93504518,0.35452852
2757,-0.25372481,-0.96727645
2758,0.98867393,-0.15007935
2759,0.04475296,0.99899811
2760,-0.99813318,-0.06107467
2761,0.16621827,-0.98608899
2762,0.96300036,0.26950017
2763,-0.36976358,0.92912585
2764,-0.88484496,-0.46588558
2765,0.55678958,-0.83065361
2766,0.76715869,0.64145738
2767,-0.71894068,0.69507146
2768,-0.61519921,-0.78837168
2769,0.84897274,-0.52843666
2770,0.43575543,0.90006512
2771,-0.94107652,0.33819366
2772,-0.23684402,-0.97154766
2773,0.99113727,-0.13284169
2774,0.02735150,0.99962586
2775,-0.99691844,-0.07844504
2776,0.18336298,-0.98304528
2777,0.95816177,0.28622720
2778,-0.38588560,0.92254663
2779,-0.87659878,-0.48122200
2780,0.57116860,-0.82083273
2781,0.75587326,0.65471798
2782,-0.73093438,0.68244773
2783,-0.60137868,-0.79896414
2784,0.85804528,-0.51357406
2785,0.42001727,0.90751612
2786,-0.94682258,0.32175618
2787,-0.21989135,-0.97552437
2788,0.99330008,-0.11556368
2789,0.00994167,0.99995059
2790,-0.99540138,-0.09579169
2791,0.20045216,-0.97970349
2792,0.95303267,0.30286753
2793,-0.40189070,0.91568768
2794,-0.86808670,-0.49641258
2795,0.58537453,-0.81076300
2796,0.74435854,0.66778016
2797,-0.74270648,0.66961712
2798,-0.58737576,-0.80931431
2799,0.86685765,-0.49855569
2800,0.40415168,0.91469198
2801,-0.95228153,0.30522108
2802,-0.20287192,-0.97920531
2803,0.99516171,-0.09825055
2804,-0.00747125,0.99997211
2805,-0.99358255,-0.11310937
2806,0.21748064,-0.97606462
2807,0.94761455,0.31941608
2808,-0.41777399,0.90855098
2809,-0.85931140,-0.51145273
2810,0.59940302,-0.80044734
2811,0.73261809,0.68063992
2812,-0.75425351,0.65658331
2813,-0.57319468,-0.81941921
2814,0.87540728,-0.48338613
2815,0.38816351,0.92159051
2816,-0.95745176,0.28859335
2817,-0.18579091,-0.98258930
2818,0.99672163,-0.08090756
2819,-0.02488198,0.99969041
2820,-0.99146241,-0.13039283
2821,0.23444326,-0.97212982
2822,0.94190913,0.33586785
2823,-0.43353066,0.90113884
2824,-0.85027552,-0.52633780
2825,0.61324990,-0.78988898
2826,0.72065544,0.69329339
2827,-0.76557183,0.64335042
2828,-0.55883974,-0.82927567
2829,0.88369143,-0.46806988
2830,0.37205756,0.92820966
2831,-0.96233171,0.27187806
2832,-0.16865350,-0.98567539
2833,0.99797928,-0.06353996
2834,-0.04228524,0.99910557
2835,-0.98904163,-0.14763683
2836,0.25133488,-0.96790022
2837,0.93591803,0.35221788
2838,-0.44915596,0.89345336
2839,-0.84098178,-0.54106343
2840,0.62691081,-0.77909106
2841,0.70847428,0.70573664
2842,-0.77665806,0.62992239
2843,-0.54431528,-0.83888072
2844,0.89170772,-0.45261168
2845,0.35583872,0.93454736
2846,-0.96691990,0.25508028
2847,-0.15146486,-0.98846263
2848,0.99893439,-0.04615302
2849,-0.05967575,0.99821782
2850,-0.98632097,-0.16483614
2851,0.26815033,-0.96337706
2852,0.92964315,0.36846116
2853,-0.46464515,0.88549697
2854,-0.83143300,-0.55562502
2855,0.64038169,-0.76805681
2856,0.69607818,0.71796596
2857,-0.78750885,0.61630332
2858,-0.52962571,-0.84823143
2859,0.89945364,-0.43701616
2860,0.33951190,0.94060177
2861,-0.97121489,0.23820505
2862,-0.13423023,-0.99095017
2863,0.99958658,-0.02875201
2864,-0.07704825,0.99702734
2865,-0.98330122,-0.18198554
2866,0.28488457,-0.95856184
2867,0.92308635,0.38459280
2868,-0.47999349,0.87727207
2869,-0.82163209,-0.57001817
2870,0.65365851,-0.75678968
2871,0.68347102,0.72997767
2872,-0.79812092,0.60249728
2873,-0.51477545,-0.85732502
2874,0.90692687,-0.42128804
2875,0.32308209,0.94637096
2876,-0.97521544,0.22125752
2877,-0.11695483,-0.99313724
2878,0.99993569,-0.01134220
2879,-0.09439746,0.99553460
2880,-0.97998327,-0.19907984
2881,0.30153248,-0.95345592
2882,0.91624957,0.40060788
2883,-0.49519637,0.86878109
2884,-0.81158197,-0.58423853
2885,0.66673714,-0.74529296
2886,0.67065650,0.74176806
2887,-0.80849099,0.58850849
2888,-0.49976909,-0.86615866
2889,0.91412514,-0.40543213
2890,0.30655423,0.95185322
2891,-0.97892028,0.20424283
2892,-0.09964387,-0.99502319
2893,0.99998158,0.00607112
2894,-0.11171811,0.99373996
2895,-0.97636819,-0.21611384
2896,0.31808904,-0.94806087
2897,0.90913498,0.41650155
2898,-0.51024914,0.86002660
2899,-0.80128574,-0.59828186
2900,0.67961365,-0.73357022
2901,0.65763861,0.75333357
2902,-0.81861597,0.57434124
2903,-0.48461109,-0.87472975
2904,0.92104626,-0.38945320
2905,0.28993332,0.95704687
2906,-0.98232830,0.18716614
2907,-0.08230264,-0.99660736
2908,0.99972427,0.02348267
2909,-0.12900497,0.99164397
2910,-0.97245699,-0.23308238
2911,0.33454922,-0.94237828
2912,0.90174472,0.43226901
2913,-0.52514732,0.85101134
2914,-0.79074645,-0.61214381
2915,0.69228411,-0.72162503
2916,0.64442122,0.76467073
2917,-0.82849282,0.55999970
2918,-0.46930608,-0.88303554
2919,0.92768812,-0.37335610
2920,0.27322444,0.96195030
2921,-0.98543841,0.17003262
2922,-0.06493637,-0.99788940
2923,0.99916375,0.04088718
2924,-0.14625278,0.98924726
2925,-0.96825093,-0.24998032
2926,0.35090801,-0.93640995
2927,0.89408094,0.44790545
2928,-0.53988624,0.84173799
2929,-0.77996737,-0.62582016
2930,0.70474476,-0.70946091
2931,0.63100839,0.77577603
2932,-0.83811843,0.54548836
2933,-0.45385870,-0.89107364
2934,0.93404865,-0.35714573
2935,0.25643265,0.96656209
2936,-0.98824978,0.15284745
2937,-0.04755033,-0.99886882
2938,0.99830031,0.05827937
2939,-0.16345632,0.98655057
2940,-0.96375120,-0.26680252
2941,0.36716050,-0.93015760
2942,0.88614601,0.46340615
2943,-0.55446154,0.83220935
2944,-0.76895171,-0.63930684
2945,0.71699172,-0.69708169
2946,0.61740410,0.78664613
2947,-0.84748995,0.53081149
2948,-0.43827364,-0.89884162
2949,0.94012606,-0.34082699
2950,0.23956302,0.97088081
2951,-0.99076152,0.13561587
2952,-0.03014980,-0.99954540
2953,0.99713415,0.07565396
2954,-0.18061037,0.98355472
2955,-0.95895928,-0.28354391
2956,0.38330168,-0.92362320
2957,0.87794232,0.47876638
2958,-0.56886876,0.82242829
2959,-0.75770289,-0.65259969
2960,0.72902137,-0.68449098
2961,0.60361260,0.79727775
2962,-0.85660446,0.51597363
2963,-0.42255560,-0.90633702
2964,0.94591832,-0.32440484
2965,0.22262067,0.97490513
2966,-0.99297279,0.11834310
2967,-0.01274006,-0.99991882
2968,0.99566555,0.09300568
2969,-0.19770972,0.98026061
2970,-0.95387650,-0.30019939
2971,0.39932671,-0.91680866
2972,0.86947238,0.49398151
2973,-0.58310360,0.81239784
2974,-0.74622416,-0.66569471
2975,0.74082994,-0.67169261
2976,0.58963794,0.80766767
2977,-0.86545932,0.50097919
2978,-0.40670934,-0.91355759
2979,0.95142382,-0.30788422
2980,0.20561074,0.97863388
2981,-0.99488294,0.10103436
2982,0.00467363,-0.99998909
2983,0.99389511,0.11032928
2984,-0.21474920,0.97666925
2985,-0.94850445,-0.31676388
2986,0.41523075,-0.90971613
2987,0.86073875,0.50904691
2988,-0.59716159,0.80212092
2989,-0.73451918,-0.67858797
2990,0.75241393,-0.65869057
2991,0.57548445,0.81781268
2992,-0.87405175,0.48583281
2993,-0.39073968,-0.92050123
2994,0.95664084,-0.29127020
2995,0.18853839,0.98206580
2996,-0.99649143,0.08369491
2997,0.02208598,-0.99975610
2998,0.99182320,0.12761949
2999,-0.23172364,0.97278166
3000,-0.94284469,-0.33323240
3001,0.43100891,-0.90234768
3002,0.85174412,0.52395797
3003,-0.61103863,0.79160076
3004,-0.72259134,-0.69127548
3005,0.76376981,-0.64548868
3006,0.56115639,0.82770979
3007,-0.88237917,0.47053900
3008,-0.37465146,-0.92716575
3009,0.96156776,-0.27456775
3010,0.17140879,0.98519999
3011,-0.99779773,0.06633000
3012,0.03949170,-0.99921989
3013,0.98945051,0.14487107
3014,-0.24862787,0.96859908
3015,-0.93689907,-0.34959996
3016,0.44665644,-0.89470553
3017,0.84249109,0.53871024
3018,-0.62473041,0.78084052
3019,-0.71044433,-0.70375335
3020,0.77489418,-0.63209105
3021,0.54665810,0.83735591
3022,-0.89043909,0.45510247
3023,-0.35844958,-0.93354911
3024,0.96620309,-0.25778198
3025,0.15422712,0.98803544
3026,-0.99880147,0.04894490
3027,0.05688552,-0.99838072
3028,0.98677784,0.16207881
3029,-0.26545677,0.96412277
3030,-0.93066931,-0.36586156
3031,0.46216860,-0.88679206
3032,0.83298260,0.55329925
3033,-0.63823277,0.76984346
3034,-0.69808185,-0.71601796
3035,0.78578353,-0.61850160
3036,0.53199399,0.84674811
3037,-0.89822894,0.43952787
3038,-0.34213892,-0.93964940
3039,0.97054547,-0.24091795
3040,0.13699862,0.99057126
3041,-0.99950236,0.03154489
3042,0.07426216,-0.99723876
3043,0.98380584,0.17923747
3044,-0.28220525,0.95935404
3045,-0.92415726,-0.38201228
3046,0.47754067,-0.87860966
3047,0.82322139,0.56772047
3048,-0.65154165,0.75861287
3049,-0.68550766,-0.72806543
3050,0.79643464,-0.60472459
3051,0.51716846,0.85588366
3052,-0.90574646,0.42381990
3053,-0.32572445,-0.94546473
3054,0.97459358,-0.22398080
3055,0.11972851,0.99280667
3056,-0.99990010,0.01413523
3057,0.09161637,-0.99579436
3058,0.98053551,0.19634184
3059,-0.29886824,0.95429438
3060,-0.91736495,-0.39804721
3061,0.49276799,-0.87016076
3062,0.81321055,0.58196962
3063,-0.66465306,0.74715215
3064,-0.67272550,-0.73989218
3065,0.80684435,-0.59076411
3066,0.50218600,0.86475962
3067,-0.91298938,0.40798333
3068,-0.30921111,-0.95099342
3069,0.97834611,-0.20697565
3070,0.10242201,0.99474102
3071,-0.99999464,-0.00327879
3072,0.10894286,-0.99404800
3073,0.97696781,0.21338674
3074,-0.31544065,0.94894528
3075,-0.91029435,-0.41396153
3076,0.50784594,-0.86144793
3077,0.80295300,0.59604234
3078,-0.67756289,0.73546481
3079,-0.65973926,-0.75149459
3080,0.81700933,-0.57662439
3081,0.48705125,0.87337339
3082,-0.91995543,0.39202297
3083,-0.29260394,-0.95623374
3084,0.98180193,-0.18990766
3085,0.08508436,0.99637377
3086,-0.99978590,-0.02069189
3087,0.12623639,-0.99200016
3088,0.97310382,0.23036702
3089,-0.33191746,0.94330841
3090,-0.90294772,-0.42975035
3091,0.52276993,-0.85247380
3092,0.79245192,0.60993433
3093,-0.69026732,0.72355443
3094,-0.64655286,-0.76286918
3095,0.82692665,-0.56230980
3096,0.47176868,0.88172233
3097,-0.92664254,0.37594366
3098,-0.27590793,-0.96118408
3099,0.98496008,-0.17278200
3100,0.06772085,0.99770433
3101,-0.99927396,-0.03809879
3102,0.14349172,-0.98965150
3103,0.96894473,0.24727750
3104,-0.34829369,0.93738544
3105,-0.89532727,-0.44540894
3106,0.53753549,-0.84324116
3107,0.78171051,0.62364149
3108,-0.70276248,0.71142453
3109,-0.63317037,-0.77401245
3110,0.83659321,-0.54782456
3111,0.45634300,0.88980395
3112,-0.93304861,0.35975027
3113,-0.25912821,-0.96584290
3114,0.98781955,-0.15560387
3115,0.05033672,0.99873233
3116,-0.99845898,-0.05549421
3117,0.16070360,-0.98700273
3118,0.96449172,0.26411307
3119,-0.36456439,0.93117815
3120,-0.88743520,-0.46093249
3121,0.55213803,-0.83375269
3122,0.77073199,0.63715953
3123,-0.71504462,0.69907880
3124,-0.61959583,-0.78492105
3125,0.84600610,-0.53317320
3126,0.44077885,0.89761573
3127,-0.93917179,0.34344769
3128,-0.24226983,-0.97020888
3129,0.99037939,-0.13837849
3130,0.03293725,0.99945742
3131,-0.99734122,-0.07287288
3132,0.17786682,-0.98405457
3133,0.95974624,0.28086859
3134,-0.38072458,0.92468846
3135,-0.87927401,-0.47631633
3136,0.56657326,-0.82401139
3137,0.75951964,0.65048438
3138,-0.72710991,0.68652105
3139,-0.60583329,-0.79559159
3140,0.85516250,-0.51836002
3141,0.42508098,0.90515530
3142,-0.94501019,0.32704091
3143,-0.22533789,-0.97428066
3144,0.99263895,-0.12111105
3145,0.01552772,0.99987942
3146,-0.99592102,-0.09022952
3147,0.19497617,-0.98080796
3148,0.95470965,0.29753903
3149,-0.39676937,0.91791832
3150,-0.87084609,-0.49155581
3151,0.58083665,-0.81402010
3152,0.74807692,0.66361201
3153,-0.73895472,0.67375505
3154,-0.59188694,-0.80602098
3155,0.86405957,-0.50338960
3156,0.40925410,0.91242045
3157,-0.95056200,0.31053486
3158,-0.20833756,-0.97805697
3159,0.99459749,-0.10380681
3160,-0.00188660,0.99999821
3161,-0.99419874,-0.10755888
3162,0.21202646,-0.97726393
3163,0.94938350,0.31411931
3164,-0.41269392,0.91086978
3165,-0.86215401,-0.50664628
3166,0.59492403,-0.80378193
3167,0.73640728,0.67653847
3168,-0.75057554,0.66078466
3169,-0.57776105,-0.81620592
3170,0.87269461,-0.48826641
3171,0.39330304,0.91940892
3172,-0.95582557,0.29393458
3173,-0.19127396,-0.98153669
3174,0.99625438,-0.08647102
3175,-0.01930042,0.99981374
3176,-0.99217492,-0.12485568
3177,0.22901253,-0.97342348
3178,0.94376945,0.33060437
3179,-0.42849338,0.90354490
3180,-0.85320050,-0.52158314
3181,0.60883099,-0.79329997
3182,0.72451425,0.68925983
3183,-0.76196873,0.64761382
3184,-0.56345993,-0.82614338
3185,0.88106507,-0.47299510
3186,0.37723264,0.92611855
3187,-0.96079922,0.27724507
3188,-0.17415227,-0.98471874
3189,0.99760914,-0.06910893
3190,-0.03670846,0.99932599
3191,-0.98985022,-0.14211470
3192,0.24592921,-0.96928781
3193,0.93786907,0.34698927
3194,-0.44416294,0.89594603
3195,-0.84398812,-0.53636187
3196,0.62255341,-0.78257734
3197,0.71240145,0.70177215
3198,-0.77313089,0.63424647
3199,-0.54898781,-0.83583039
3200,0.88916832,-0.45758030
3201,0.36104777,0.93254733
3202,-0.96548158,0.26047140
3203,-0.15697770,-0.98760217
3204,0.99866134,-0.05172580
3205,-0.05410545,0.99853522
3206,-0.98722529,-0.15933070
3207,0.26277140,-0.96485811
3208,0.93168432,0.36326897
3209,-0.45969787,0.88807535
3210,-0.83451974,-0.55097800
3211,0.63608706,-0.77161729
3212,0.70007253,0.71407175
3213,-0.78405863,0.62068677
3214,-0.53434908,-0.84526390
3215,0.89700192,-0.44202662
3216,0.34475332,0.93869334
3217,-0.96987110,0.24361867
3218,-0.13975544,-0.99018604
3219,0.99941063,-0.03432691
3220,-0.07148609,0.99744159
3221,-0.98430091,-0.17649844
3222,0.27953395,-0.96013582
3223,0.92521691,0.37943861
3224,-0.47509345,0.87993532
3225,-0.82479829,-0.56542712
3226,0.64942783,-0.76042324
3227,0.68753123,0.72615480
3228,-0.79474866,0.60693872
3229,-0.51954830,-0.85444111
3230,0.90456355,-0.42633882
3231,0.32835424,0.94455463
3232,-0.97396648,0.22669198
3233,-0.12249072,-0.99246967
3234,0.99985689,-0.01691753
3235,-0.08884514,0.99604547
3236,-0.98107803,-0.19361272
3237,0.29621178,-0.95512229
3238,0.91846889,0.39549321
3239,-0.49034500,0.87152845
3240,-0.81482661,-0.57970476
3241,0.66257173,-0.74899846
3242,0.67478138,0.73801768
3243,-0.80519766,0.59300655
3244,-0.50458986,-0.86335915
3245,0.91185087,-0.41052166
3246,0.31185549,0.95012957
3247,-0.97776651,0.20969647
3248,-0.10518878,-0.99445230
3249,0.99999988,0.00049705
3250,-0.10617732,0.99434721
3251,-0.97755760,-0.21066837
3252,0.31279987,-0.94981903
3253,0.91144228,0.41142794
3254,-0.50544792,0.86285710
3255,-0.80460775,-0.59380668
3256,0.67551470,-0.73734653
3257,0.66182679,0.74965680
3258,-0.81540251,0.57889444
3259,-0.48947832,-0.87201548
3260,0.91886163,-0.39457992
3261,0.29526210,0.95541626
3262,-0.98127002,0.19263728
3263,-0.08785486,-0.99613327
3264,0.99983960,0.01791156
3265,-0.12347736,0.99234736
3266,-0.97374064,-0.22766019
3267,0.32929316,-0.94422776
3268,0.90413922,0.42723796
3269,-0.52039754,0.85392410
3270,-0.79414481,-0.60772860
3271,0.68825287,-0.72547084
3272,0.64867145,0.76106858
3273,-0.82536006,0.56460673
3274,-0.47421828,-0.88040733
3275,0.92559373,-0.37851843
3276,0.27857909,0.96041328
3277,-0.98447591,0.17551959
3278,-0.07049422,-0.99751216
3279,0.99937606,0.03532071
3280,-0.14074004,0.99004656
3281,-0.96962833,-0.24458304
3282,0.34568664,-0.93835002
3283,0.89656192,0.44291845
3284,-0.53518945,0.84473205
3285,-0.78344095,-0.62146622
3286,0.70078236,-0.71337515
3287,0.63531929,0.77224958
3288,-0.83506733,0.55014771
3289,-0.45881432,-0.88853216
3290,0.93204516,-0.36234209
3291,0.26181152,0.96511900
3292,-0.98738325,0.15834859
3293,-0.05311212,-0.99858856
3294,0.99860936,0.05271922
3295,-0.15796010,0.98744547
3296,-0.96522194,-0.26143178
3297,0.36197534,-0.93218768
3298,0.88871264,0.45846471
3299,-0.54981911,0.83528376
3300,-0.77249944,-0.63501543
3301,0.71309936,-0.70106298
3302,0.62177438,0.78319639
3303,-0.84452140,0.53552175
3304,-0.44327116,-0.89638758
3305,0.93821394,-0.34605578
3306,0.24496447,0.96953207
3307,-0.98999113,0.14112949
3308,-0.03571384,-0.99936205
3309,0.99753982,0.07010182
3310,-0.17513232,0.98454493
3311,-0.96052277,-0.27820131
3312,0.37815434,-0.92574257
3313,0.88059378,0.47387195
3314,-0.56428206,0.82558209
3315,-0.76132363,-0.64837205
3316,0.72520012,-0.68853813
3317,0.60804087,0.79390574
3318,-0.85371941,0.52073336
3319,-0.42759347,-0.90397114
3320,0.94409817,-0.32966441
3321,0.22804305,0.97365105
3322,-0.99229878,0.12386753
3323,-0.01830466,-0.99983245
3324,0.99616772,0.08746323
3325,-0.19225150,0.98134571
3326,-0.95553231,-0.29488653
3327,0.39421871,-0.91901666
3328,0.87220776,0.48913553
3329,-0.57857394,0.81562996
3330,-0.74991685,-0.66153210
3331,0.73708099,-0.67580444
3332,0.59412283,0.80437434
3333,-0.86265844,0.50578690
3334,-0.41178602,-0.91128057
3335,0.94969606,-0.31317300
3336,0.21105237,0.97747475
3337,-0.99430543,0.10656790
3338,-0.00088984,-0.99999958
3339,0.99449348,0.10479819
3340,-0.20931245,0.97784883
3341,-0.95025194,-0.31148237
3342,0.41016358,-0.91201198
3343,0.86355722,0.50425082
3344,-0.59269035,0.80543041
3345,-0.73828250,-0.67449158
3346,0.74873835,-0.66286570
3347,0.58002454,0.81459898
3348,-0.87133592,0.49068698
3349,-0.39585361,-0.91831362
3350,0.95500600,-0.29658654
3351,0.19399764,0.98100197
3352,-0.99601054,0.08923589
3353,0.01652532,-0.99986345
3354,0.99251765,0.12210144
3355,-0.22630998,0.97405535
3356,-0.94468337,-0.32798380
3357,0.42598411,-0.90473062
3358,0.85464472,0.51921326
3359,-0.60662711,0.79498649
3360,-0.72642422,-0.68724656
3361,0.76016861,-0.64972579
3362,0.56575030,0.82457662
3363,-0.87974912,0.47543821
3364,-0.37980106,-0.92506820
3365,0.96002620,-0.27991006
3366,0.17688397,0.98423171
3367,-0.99741352,0.07187673
3368,0.03393554,-0.99942404
3369,0.99024069,0.13936773
3370,-0.24323896,0.96996641
3371,-0.93882823,-0.34438583
3372,0.44167551,-0.89717489
3373,0.84547293,0.53401828
3374,-0.62037992,0.78430146
3375,-0.71434557,-0.69979310
3376,0.77136844,-0.63638884
3377,0.55130434,0.83430421
3378,-0.88789552,0.46004513
3379,-0.36363325,-0.93154222
3380,0.96475530,-0.26314858
3381,0.15971658,0.98716289
3382,-0.99851400,0.05449570
3383,0.05133555,-0.99868149
3384,0.98766339,0.15659182
3385,-0.26009423,0.96558326
3386,-0.93268830,-0.36068350
3387,0.45723301,-0.88934696
3388,0.83604467,0.54866141
3389,-0.63394463,0.77337843
3390,-0.70205021,-0.71212745
3391,0.78233427,-0.62285876
3392,0.53669113,0.84377879
3393,-0.89577270,0.44451246
3394,-0.34735507,-0.93773365
3395,0.96919179,-0.24630722
3396,0.14250067,0.98979473
3397,-0.99931163,0.03709806
3398,0.06872006,-0.99763596
3399,0.98478651,0.17376849
3400,-0.27687067,0.96090722
3401,-0.92626542,-0.37687182
3402,0.47265190,-0.88124925
3403,0.82636279,0.56313813
3404,-0.64731705,0.76222086
3405,-0.68954182,-0.72424585
3406,0.79306293,-0.60913974
3407,0.52191508,0.85299742
3408,-0.90337813,0.42884487
3409,-0.33097148,-0.94364077
3410,0.97333431,-0.22939108
3411,0.12524146,0.99212629
3412,-0.99980617,0.01968909
3413,0.08608380,-0.99628788
3414,0.98161095,0.19089253
3415,-0.29356322,0.95593965
3416,-0.91956156,-0.39294589
3417,0.48792747,-0.87288415
3418,0.81643021,0.57744414
3419,-0.66049325,0.75083196
3420,-0.67682421,-0.73614466
3421,0.80355102,-0.59523588
3422,0.50698066,0.86195743
3423,-0.91070962,0.41304716
3424,-0.31448740,-0.94926167
3425,0.97718167,-0.21240529
3426,0.10794419,0.99415696
3427,-0.99999744,0.00227408
3428,0.10342150,-0.99463761
3429,0.97813761,0.20795874
3430,-0.31016678,0.95068216
3431,-0.91257882,-0.40890086
3432,0.50305516,-0.86425430
3433,0.80624992,0.59157503
3434,-0.67346913,0.73921531
3435,-0.66390127,-0.74782020
3436,0.81379545,-0.58115137
3437,0.49189240,0.87065601
3438,-0.91776490,0.39712408
3439,-0.29790789,-0.95459461
3440,0.98073262,-0.19535501
3441,0.09061410,0.99588609
3442,-0.99988538,-0.01514170
3443,0.12072791,-0.99268562
3444,0.97436756,0.22496194
3445,-0.32667634,0.94513625
3446,-0.90531921,-0.42473185
3447,0.51803029,-0.85536230
3448,0.79582506,0.60552657
3449,-0.68624085,0.72737443
3450,-0.65077692,-0.75926900
3451,0.82379311,-0.56689060
3452,0.47665486,0.87909049
3453,-0.92454189,0.38108051
3454,-0.28123790,-0.95963806
3455,0.98398608,-0.17824538
3456,0.07325646,0.99731314
3457,-0.99947000,-0.03255296
3458,0.13799778,-0.99043256
3459,0.97030193,0.24189699
3460,-0.34308687,0.93930370
3461,-0.89778495,-0.44043410
3462,0.53284830,-0.84621078
3463,0.78515881,0.61929452
3464,-0.69880438,0.71531278
3465,-0.63745511,-0.77048749
3466,0.83354092,-0.55245775
3467,0.46127269,0.88725841
3468,-0.93103838,0.36492124
3469,-0.26448259,-0.96439046
3470,0.98694110,-0.16108163
3471,0.05587652,0.99843770
3472,-0.99875152,-0.04995442
3473,0.15522586,-0.98787898
3474,0.96594197,0.25875872
3475,-0.35939342,0.93318611
3476,-0.88997835,-0.45600280
3477,0.54750484,-0.83680254
3478,0.77425426,0.63287461
3479,-0.71115607,0.70303416
3480,-0.62393987,-0.78147233
3481,0.84303594,-0.53785729
3482,0.44575050,0.89515722
3483,-0.93725252,0.34865123
3484,-0.24764694,-0.96885037
3485,0.98959672,-0.14386894
3486,0.03847956,0.99925941
3487,-0.99773002,-0.06734081
3488,0.17240693,-0.98502582
3489,0.96128905,0.27554205
3490,-0.37559101,0.92678553
3491,-0.88190174,-0.47143325
3492,0.56199533,-0.82714039
3493,0.76311487,0.64626282
3494,-0.72329205,0.69054222
3495,-0.61023533,-0.79222018
3496,0.85227525,-0.52309358
3497,0.43009308,0.90278453
3498,-0.94318241,0.33227539
3499,-0.23073611,-0.97301638
3500,0.99195224,-0.12661253
3501,0.02107084,0.99977797
3502,-0.99640590,-0.08470684
3503,0.18953578,-0.98187381
3504,0.95634443,0.29224187
3505,-0.39167476,0.92010373
3506,-0.87355763,-0.48672077
3507,0.57631540,-0.81722736
3508,0.75174397,0.65945512
3509,-0.73520875,0.67784077
3510,-0.59634560,-0.80272782
3511,0.86125606,-0.50817120
3512,0.41430509,0.91013807
3513,-0.94882619,0.31579867
3514,-0.21375522,-0.97688723
3515,0.99400687,-0.10931763
3516,0.00365566,0.99999332
3517,-0.99477953,-0.10204725
3518,0.20660721,-0.97842395
3519,0.95110977,0.30885312
3520,-0.40763977,0.91314280
3521,-0.86494845,-0.50186074
3522,0.59046072,-0.80706638
3523,0.74014497,0.67244738
3524,-0.74690241,0.66493368
3525,-0.58227491,-0.81299192
3526,0.86997575,-0.49309456
3527,0.39839140,0.91721553
3528,-0.95418221,0.29922611
3529,-0.19670941,-0.98046184
3530,0.99575996,-0.09198951
3531,-0.01376070,0.99990529
3532,-0.99285144,-0.11935679
3533,0.22361605,-0.97467732
3534,0.94558650,0.32537073
3535,-0.42348117,0.90590489
3536,-0.85607690,-0.51684850
3537,0.60442698,-0.79666054
3538,0.72832137,0.68523574
3539,-0.75836962,0.65182477
3540,-0.56802756,-0.82300949
3541,0.87843150,-0.47786829
3542,0.38235676,0.92401481
3543,-0.95924884,0.28256270
3544,-0.17960386,-0.98373902
3545,0.99721104,-0.07463340
3546,-0.03117296,0.99951398
3547,-0.99062210,-0.13663019
3548,0.24055712,-0.97063500
3549,0.93977648,0.34178972
3550,-0.43919420,0.89839214
3551,-0.84694558,-0.53167957
3552,0.61820996,-0.78601301
3553,0.71627682,0.69781625
3554,-0.76960677,0.63851815
3555,-0.55360788,-0.83277750
3556,0.88662082,-0.46249703
3557,0.36620608,0.93053377
3558,-0.96402448,0.26581350
3559,-0.16244376,-0.98671782
3560,0.99835962,-0.05725459
3561,-0.04857585,0.99881947
3562,-0.98809230,-0.15386222
3563,0.25742531,-0.96629822
3564,0.93368125,0.35810512
3565,-0.45477408,0.89060682
3566,-0.83755732,-0.54634941
3567,0.63180548,-0.77512693
3568,0.70401496,0.71018517
3569,-0.78061056,0.62501770
3570,-0.53902012,-0.84229290
3571,0.89454126,-0.44698536
3572,0.34994423,0.93677056
3573,-0.96850771,0.24898361
3574,-0.14523430,-0.98939729
3575,0.99920535,-0.03985833
3576,-0.06596407,0.99782199
3577,-0.98526275,-0.17104766
3578,0.27421546,-0.96166825
3579,0.92730284,0.37431195
3580,-0.47021607,0.88255131
3581,-0.82791501,-0.56085360
3582,0.64520943,-0.76400578
3583,0.69153941,0.72233874
3584,-0.79137760,0.61132765
3585,-0.52426887,-0.85155278
3586,0.90219039,-0.43133807
3587,0.33357617,0.94272316
3588,-0.97269714,0.23207811
3589,-0.12798072,-0.99177665
3590,0.99974799,-0.02244990
3591,-0.08333236,0.99652183
3592,-0.98213434,-0.18818128
3593,0.29092249,-0.95674664
3594,0.92064309,0.39040533
3595,-0.48551548,0.87422806
3596,-0.81802148,-0.57518774
3597,0.65841770,-0.75265276
3598,0.67885411,0.73427320
3599,-0.80190462,0.59745210
3600,-0.50935847,-0.86055446
3601,0.90956587,-0.41555983
3602,0.31710684,0.94838983
3603,-0.97659153,0.21510214
3604,-0.11068824,-0.99385518
3605,0.99998730,-0.00503459
3606,-0.10067544,0.99491930
3607,-0.97870791,-0.20525788
3608,0.30754137,-0.95153469
3609,0.91370404,0.40638033
3610,-0.50066769,0.86563957
3611,-0.80787975,-0.58934742
3612,0.67142630,-0.74107134
3613,0.66596282,0.74598497
3614,-0.81218839,0.58339524
3615,-0.49429348,-0.86929512
3616,0.91666543,-0.39965549
3617,0.30054125,0.95376885
3618,-0.98018974,0.19806084
3619,-0.09336210,-0.99563223
3620,0.99992335,0.01238232
3621,-0.11798806,0.99301499
3622,-0.97498465,-0.22227231
3623,0.32406703,-0.94603413
3624,0.90648776,0.42223209
3625,-0.51566803,0.85678846
3626,-0.79749286,-0.60332835
3627,0.68423122,-0.72926515
3628,0.65286940,0.75747049
3629,-0.82222587,0.56916136
3630,-0.47907850,-0.87777203
3631,0.92348695,-0.38362983
3632,0.28388441,0.95885849
3633,-0.98349059,0.18095939
3634,-0.07600757,-0.99710727
3635,0.99955601,0.02979556
3636,-0.13526496,0.99080944
3637,-0.97096556,-0.23921937
3638,0.34049442,-0.94024652
3639,0.89899647,0.43795589
3640,-0.53051209,0.84767741
3641,-0.78686404,-0.61712635
3642,0.69682866,-0.71723759
3643,0.63957793,0.76872629
3644,-0.83201396,0.55475473
3645,-0.46371812,-0.88598281
3646,0.93002838,-0.36748773
3647,0.26714137,0.96365732
3648,-0.98649305,0.16380297
3649,-0.05862991,-0.99827981
3650,0.99888545,0.04719983
3651,-0.15250091,0.98830330
3652,-0.96665192,-0.25609392
3653,0.35681862,-0.93417370
3654,0.89123243,0.45354685
3655,-0.54519522,0.83830911
3656,-0.77599651,-0.63073725
3657,0.70921481,-0.70499247
3658,0.62609231,0.77974892
3659,-0.84154969,0.54017973
3660,-0.44821700,-0.89392477
3661,0.93628770,-0.35123408
3662,0.25031725,0.96816385
3663,-0.98919636,0.14659677
3664,-0.04123438,-0.99914950
3665,0.99791187,0.06458985
3666,-0.16969067,0.98549736
3667,-0.96204501,-0.27289090
3668,0.37303466,-0.92781740
3669,0.88319802,0.46900031
3670,-0.55971301,0.82868648
3671,-0.76489347,-0.64415681
3672,0.72138584,-0.69253337
3673,0.61241674,0.79053509
3674,-0.85083014,0.52544081
3675,-0.43257985,-0.90159565
3676,0.94226301,-0.33487383
3677,0.23341709,0.97237670
3678,-0.99159950,0.12934604
3679,-0.02382627,-0.99971610
3680,0.99663562,0.08196036
3681,-0.18682902,0.98239243
3682,-0.95714623,-0.28960511
3683,0.38913757,-0.92117965
3684,0.87489557,0.48431155
3685,-0.57406110,0.81881243
3686,-0.75355834,-0.65738100
3687,0.73333806,-0.67986417
3688,0.59855533,0.80108148
3689,-0.85985255,0.51054245
3690,-0.41681138,-0.90899301
3691,0.94795245,-0.31841189
3692,0.21644607,0.97629458
3693,-0.99370188,0.11205599
3694,-0.00641086,-0.99997944
3695,0.99505693,0.09930608
3696,-0.20391075,0.97898948
3697,-0.95195705,-0.30623159
3698,0.40512252,-0.91426241
3699,0.86632776,0.49947596
3700,-0.58823508,0.80868995
3701,-0.74199462,-0.67040586
3702,0.74506783,-0.66698867
3703,0.58451229,0.81138486
3704,-0.86861414,0.49548915
3705,-0.40091643,-0.91611463
3706,0.95335442,-0.30185327
3707,0.19940931,0.97991627
3708,-0.99550283,0.09473188
3709,0.01100657,-0.99993944
3710,0.99317640,0.11662175
3711,-0.22093073,0.97528952
3712,-0.94647908,-0.32276520
3713,0.42098463,-0.90706778
3714,0.85749704,0.51448888
3715,-0.60223073,0.79832208
3716,-0.73020571,-0.68322736
3717,0.75657171,-0.65391076
3718,0.57029182,0.82144219
3719,-0.87711221,0.48028547
3720,-0.38489974,-0.92295837
3721,0.95846713,-0.28520304
3722,0.18231197,0.98324072
3723,-0.99700177,0.07737895
3724,0.02842074,-0.99959606
3725,0.99099457,0.13390210
3726,-0.23788373,0.97129363
3727,-0.94071394,-0.33920097
3728,0.43671909,-0.89959794
3729,0.84840620,0.52934581
3730,-0.61604369,0.78771198
3731,-0.71819520,-0.69584167
3732,0.76784605,-0.64063442
3733,0.55589831,0.83125031
3734,-0.88534427,0.46493599
3735,-0.36876625,-0.92952216
3736,0.96328908,-0.26846620
3737,0.16515926,0.98626691
3738,-0.99819821,0.06000247
3739,0.04582636,-0.99894941
3740,0.98851210,0.15114193
3741,-0.25476465,0.96700311
3742,-0.93466336,-0.35553393
3743,0.45232111,-0.89185512
3744,0.83905786,0.54404217
3745,-0.62966979,0.77686286
3746,-0.70596677,-0.70824492
3747,0.77888751,-0.62716365
3748,0.54133612,0.84080631
3749,-0.89330781,0.44944543
3750,-0.35252079,-0.93580395
3751,0.96781886,-0.25164783
3752,0.14795636,0.98899388
3753,-0.99909186,0.04260771
3754,0.06321815,-0.99799973
3755,0.98572969,0.16833596
3756,-0.27156836,0.96241915
3757,-0.92832923,-0.37175909
3758,0.46778601,-0.88384175
3759,0.82945496,0.55857360
3760,-0.64310497,0.76577801
3761,-0.69352412,-0.72043335
3762,0.78969270,-0.61350256
3763,0.52660960,0.85010725
3764,-0.90100032,0.43381840
3765,-0.33616835,-0.94180191
3766,0.97205502,-0.23475307
3767,0.13070850,0.99142087
3768,-0.99968243,0.02519995
3769,0.08059084,-0.99674726
3770,0.98264825,0.18547900
3771,-0.28828973,0.95754325
3772,-0.92171347,-0.38787153
3773,0.48310906,-0.87556016
3774,0.81960040,0.57293558
3775,-0.65634507,0.75446081
3776,-0.68087107,-0.73240334
3777,0.80025840,-0.59965533
3778,0.51172328,0.85915035
3779,-0.90841955,0.41805974
3780,-0.31971380,-0.94751418
3781,0.97599632,-0.21778700
3782,0.11342091,0.99354702
3783,-0.99996972,0.00778447
3784,0.09793916,-0.99519241
3785,0.97926867,0.20256585
3786,-0.30492371,0.95237678
3787,-0.91481799,-0.40386638
3788,0.49828559,-0.86701298
3789,0.80949712,0.58712387
3790,-0.66938615,0.74291468
3791,-0.66801131,-0.74415112
3792,0.81058133,-0.58562607
3793,0.49668160,0.86793280
3794,-0.91556317,0.40217414
3795,-0.30316222,-0.95293897
3796,0.97964150,-0.20075479
3797,0.09609884,0.99537182
3798,-0.99995357,-0.00963345
3799,0.11525784,-0.99333560
3800,0.97559196,0.21959130
3801,-0.32146528,0.94692135
3802,-0.90764499,-0.41973874
3803,0.51331103,-0.85820264
3804,0.79914820,0.60113406
3805,-0.68222415,0.73114306
3806,-0.65494889,-0.75567317
3807,0.82065845,-0.57141906
3808,0.48148921,0.87645203
3809,-0.92242908,0.38616648
3810,-0.28651860,-0.95807469
3811,0.98298955,-0.18366159
3812,0.07874754,0.99689460
3813,-0.99963415,-0.02704852
3814,0.13254163,-0.99117744
3815,0.97161925,0.23655021
3816,-0.33790937,0.94117862
3817,-0.90019655,-0.43548384
3818,0.52818078,-0.84913194
3819,0.78855681,0.61496192
3820,-0.69485527,0.71914959
3821,-0.64168769,-0.76696604
3822,0.83048654,-0.55703866
3823,0.46615064,0.88470536
3824,-0.92901516,0.37004161
3825,-0.26978797,-0.96291977
3826,0.98603934,-0.16651261
3827,0.06137228,0.99811494
3828,-0.99901140,-0.04445545
3829,0.14978527,-0.98871857
3830,0.96735179,0.25343743
3831,-0.35425103,0.93515038
3832,-0.89247495,-0.45109692
3833,0.54289037,-0.83980358
3834,0.77772611,0.62860328
3835,-0.70727563,0.70693791
3836,-0.62823176,-0.77802628
3837,0.84006280,-0.54248923
3838,0.45067063,0.89269030
3839,-0.93531942,0.35380438
3840,-0.25297540,-0.96747273
3841,0.98878998,-0.14931303
3842,0.04397831,0.99903250
3843,-0.99808550,-0.06184898
3844,0.16698354,-0.98595971
3845,0.96279079,0.27024785
3846,-0.37048528,0.92883831
3847,-0.88448262,-0.46657318
3848,0.55743527,-0.83022040
3849,0.76665944,0.64205396
3850,-0.71948141,0.69451165
3851,-0.61458516,-0.78885049
3852,0.84938413,-0.52777511
3853,0.43505380,0.90040445
3854,-0.94133997,0.33745974
3855,-0.23608603,-0.97173214
3856,0.99124062,-0.13206808
3857,0.02657094,0.99964690
3858,-0.99685687,-0.07922381
3859,0.18413123,-0.98290169
3860,0.95793766,0.28697634
3861,-0.38660720,0.92224449
3862,-0.87622184,-0.48190793
3863,0.57181114,-0.82038528
3864,0.75536013,0.65530992
3865,-0.73146904,0.68187469
3866,-0.60075206,-0.79943544
3867,0.85844791,-0.51290077
3868,0.41930488,0.90784550
3869,-0.94707489,0.32101265
3870,-0.21912494,-0.97569680
3871,0.99339062,-0.11478299
3872,0.00915542,0.99995810
3873,-0.99532574,-0.09657469
3874,0.20122313,-0.97954541
3875,0.95279390,0.30361781
3876,-0.40261188,0.91537076
3877,-0.86769521,-0.49709657
3878,0.58601362,-0.81030118
3879,0.74383157,0.66836715
3880,-0.74323469,0.66903073
3881,-0.58673662,-0.80977786
3882,0.86725122,-0.49787080
3883,0.40342870,0.91501111
3884,-0.95252252,0.30446810
3885,-0.20209731,-0.97936547
3886,0.99523914,-0.09746299
3887,-0.00826295,0.99996585
3888,-0.99349266,-0.11389634
3889,0.21825406,-0.97589201
3890,0.94736105,0.32016727
3891,-0.41849449,0.90821934
3892,-0.85890532,-0.51213443
3893,0.60003835,-0.79997122
3894,0.73207724,0.68122160
3895,-0.75477499,0.65598381
3896,-0.57254308,-0.81987464
3897,0.87579143,-0.48268971
3898,0.38743007,0.92189908
3899,-0.95768118,0.28783107
3900,-0.18500829,-0.98273695
3901,0.99678576,-0.08011335
3902,-0.02567888,0.99967027
3903,-0.99135810,-0.13118351
3904,0.23521884,-0.97194242
3905,0.94164073,0.33661965
3906,-0.43425018,0.90079230
3907,-0.84985477,-0.52701700
3908,0.61388105,-0.78939855
3909,0.72010082,0.69386947
3910,-0.76608628,0.64273775
3911,-0.55817580,-0.82972270
3912,0.88406599,-0.46736211
3913,0.37131381,0.92850745
3914,-0.96254933,0.27110666
3915,-0.16786306,-0.98581034
3916,0.99802995,-0.06273933
3917,-0.04308711,0.99907130
3918,-0.98892277,-0.14843094
3919,0.25211233,-0.96769798
3920,0.93563467,0.35296994
3921,-0.44987419,0.89309192
3922,-0.84054631,-0.54173970
3923,0.62753761,-0.77858627
3924,0.70790583,0.70630682
3925,-0.77716523,0.62929660
3926,-0.54363906,-0.83931911
3927,0.89207232,-0.45189261
3928,0.35508481,0.93483412
3929,-0.96712542,0.25429994
3930,-0.15066682,-0.98858458
3931,0.99897134,-0.04534619
3932,-0.06048233,0.99816924
3933,-0.98618740,-0.16563343
3934,0.26892939,-0.96315992
3935,0.92934471,0.36921322
3936,-0.46536180,0.88512057
3937,-0.83098280,-0.55629814
3938,0.64100379,-0.76753771
3939,0.69549602,0.71852994
3940,-0.78800839,0.61566448
3941,-0.52893734,-0.84866089
3942,0.89980805,-0.43628594
3943,0.33874801,0.94087714
3944,-0.97140807,0.23741597
3945,-0.13342480,-0.99105895
3946,0.99960965,-0.02793923
3947,-0.07785928,0.99696434
3948,-0.98315275,-0.18278572
3949,0.28566492,-0.95832956
3950,0.92277277,0.38534456
3951,-0.48070824,0.87688059
3952,-0.82116711,-0.57068783
3953,0.65427554,-0.75625628
3954,0.68287510,0.73053515
3955,-0.79861253,0.60184556
3956,-0.51407510,-0.85774517
3957,0.90727085,-0.42054686
3958,0.32230836,0.94663471
3959,-0.97539604,0.22045989
3960,-0.11614222,-0.99323261
3961,0.99994463,-0.01052371
3962,-0.09521267,0.99545693
3963,-0.97981983,-0.19988264
3964,0.30231386,-0.95320845
3965,0.91592079,0.40135905
3966,-0.49590892,0.86837453
3967,-0.81110221,-0.58490443
3968,0.66734886,-0.74474525
3969,0.67004699,0.74231869
3970,-0.80897439,0.58784389
3971,-0.49905679,-0.86656928
3972,0.91445833,-0.40468010
3973,0.30577084,0.95210516
3974,-0.97908807,0.20343687
3975,-0.09882432,-0.99510491
3976,0.99997622,0.00689508
3977,-0.11253726,0.99364752
3978,-0.97618961,-0.21691898
3979,0.31887114,-0.94779807
3980,0.90879089,0.41725186
3981,-0.51095921,0.85960495
3982,-0.80079120,-0.59894365
3983,0.68021971,-0.73300827
3984,0.65701544,0.75387710
3985,-0.81909084,0.57366383
3986,-0.48388699,-0.87513047
3987,0.92136842,-0.38869047
3988,0.28914049,0.95728666
3989,-0.98248303,0.18635203
3990,-0.08147637,-0.99667525
3991,0.99970442,0.02431185
3992,-0.12982777,0.99153656
3993,-0.97226316,-0.23388958
3994,0.33533174,-0.94210011
3995,0.90138525,0.43301809
3996,-0.52585447,0.85057455
3997,-0.79023713,-0.61280113
3998,0.69288427,-0.72104883
3999,0.64378452,0.76520681
4000,-0.82895881,0.55930966
4001,-0.46857032,-0.88342619
4002,0.92799896,-0.37258285
4003,0.27242231,0.96217775
4004,-0.98557991,0.16921058
4005,-0.06410362,-0.99794322
4006,0.99912930,0.04172132
4007,-0.14707896,0.98912477
4008,-0.96804172,-0.25078928
4009,0.35169068,-0.93611628
4010,0.89370602,0.44865301
4011,-0.54059029,0.84128600
4012,-0.77944326,-0.62647283
4013,0.70533860,-0.70887053
4014,0.63035822,0.77630436
4015,-0.83857530,0.54478574
4016,-0.45311141,-0.89145392
4017,0.93434793,-0.35636210
4018,0.25562143,0.96677697
4019,-0.98837775,0.15201771
4020,-0.04671134,-0.99890840
4021,0.99825096,0.05911820
4022,-0.16428560,0.98641282
4023,-0.96352649,-0.26761296
4024,0.36794296,-0.92984837
4025,0.88575560,0.46415189
4026,-0.55516213,0.83174217
4027,-0.76841289,-0.63995445
4028,0.71757901,-0.69647712
4029,0.61674058,0.78716648
4030,-0.84793741,0.53009641
4031,-0.43751493,-0.89921117
4032,0.94041348,-0.34003314
4033,0.23874290,0.97108281
4034,-0.99087572,0.13477865
4035,-0.02930482,-0.99957055
4036,0.99706978,0.07649722
4037,-0.18144247,0.98340154
4038,-0.95871890,-0.28435552
4039,0.38408369,-0.92329830
4040,0.87753642,0.47950998
4041,-0.56956559,0.82194585
4042,-0.75714928,-0.65324193
4043,0.72960168,-0.68387234
4044,0.60293579,0.79778969
4045,-0.85704225,0.51524615
4046,-0.42178565,-0.90669560
4047,0.94619364,-0.32360098
4048,0.22179186,0.97509402
4049,-0.99307305,0.11749861
4050,-0.01188933,-0.99992931
4051,0.99558604,0.09385311
4052,-0.19854437,0.98009193
4053,-0.95362037,-0.30101186
4054,0.40010792,-0.91646802
4055,0.86905092,0.49472263
4056,-0.58379632,0.81190014
4057,-0.74565583,-0.66633129
4058,0.74140310,-0.67105997
4059,0.58894795,0.80817097
4060,-0.86588705,0.50023955
4061,-0.40592831,-0.91390491
4062,0.95168674,-0.30707052
4063,0.20477344,0.97880942
4064,-0.99496907,0.10018285
4065,0.00552984,-0.99998468
4066,0.99380022,0.11118059
4067,-0.21558608,0.97648484
4068,-0.94823253,-0.31757694
4069,0.41601083,-0.90935963
4070,0.86030167,0.50978523
4071,-0.59784991,0.80160803
4072,-0.73393613,-0.67921847
4073,0.75297958,-0.65804392
4074,0.57478136,0.81830704
4075,-0.87446916,0.48508108
4076,-0.38994771,-0.92083699
4077,0.95689112,-0.29044682
4078,0.18769282,0.98222780
4079,-0.99656314,0.08283661
4080,0.02294741,-0.99973667
4081,0.99171281,0.12847441
4082,-0.23256245,0.97258145
4083,-0.94255686,-0.33404571
4084,0.43178758,-0.90197533
4085,0.85129136,0.52469325
4086,-0.61172217,0.79107267
4087,-0.72199368,-0.69189966
4088,0.76432759,-0.64482814
4089,0.56044030,0.82819486
4090,-0.88278598,0.46977535
4091,-0.37384874,-0.92748970
4092,0.96180516,-0.27373493
4093,0.17055517,0.98534811
4094,-0.99785483,0.06546516
4095,0.04035809,-0.99918526
4096,0.98932451,0.14572932
4097,-0.24946833,0.96838295
4098,-0.93659520,-0.35041320
4099,0.44743335,-0.89431727
4100,0.84202272,0.53944212
4101,-0.62540889,0.78029716
4102,-0.70983207,-0.70437092
4103,0.77544379,-0.63141662
4104,0.54592913,0.83783138
4105,-0.89083499,0.45432699
4106,-0.35763627,-0.93386096
4107,0.96642739,-0.25693989
4108,0.15336570,0.98816949
4109,-0.99884379,0.04807377
4110,0.05775660,-0.99833071
4111,0.98663598,0.16294008
4112,-0.26629859,0.96389061
4113,-0.93034929,-0.36667445
4114,0.46294343,-0.88638783
4115,0.83249849,0.55402732
4116,-0.63890588,0.76928490
4117,-0.69745505,-0.71662855
4118,0.78632468,-0.61781347
4119,0.53125221,0.84721375
4120,-0.89861369,0.43874073
4121,-0.34131518,-0.93994892
4122,0.97075635,-0.24006683
4123,0.13612962,0.99069101
4124,-0.99952966,0.03066772
4125,0.07513767,-0.99717319
4126,0.98364806,0.18010148
4127,-0.28304809,0.95910573
4128,-0.92382109,-0.38282451
4129,0.47831312,-0.87818938
4130,0.82272160,0.56844449
4131,-0.65220910,0.75803912
4132,-0.68486631,-0.72866875
4133,0.79696703,-0.60402280
4134,0.51641405,0.85633904
4135,-0.90611976,0.42302126
4136,-0.32489046,-0.94575167
4137,0.97479081,-0.22312082
4138,0.11885215,0.99291193
4139,-0.99991220,0.01325229
4140,0.09249600,-0.99571306
4141,0.98036158,0.19720830
4142,-0.29971182,0.95402980
4143,-0.91701251,-0.39885846
4144,0.49353772,-0.86972439
4145,0.81269509,0.58268923
4146,-0.66531444,0.74656326
4147,-0.67206973,-0.74048787
4148,0.80736762,-0.59004879
4149,0.50141907,0.86520451
4150,-0.91335088,0.40717334
4151,-0.30836710,-0.95126742
4152,0.97852945,-0.20610707
4153,0.10153855,0.99483162
4154,-0.99999130,-0.00416723
4155,0.10982634,-0.99395078
4156,0.97677767,0.21425536
4157,-0.31628463,0.94866437
4158,-0.90992564,-0.41477144
4159,0.50861263,-0.86099547
4160,0.80242187,0.59675723
4161,-0.67821795,0.73486084
4162,-0.65906912,-0.75208235
4163,0.81752318,-0.57589567
4164,0.48627195,0.87380755
4165,-0.92030489,0.39120182
4166,-0.29175010,-0.95649457
4167,0.98197120,-0.18903068
4168,0.08419406,0.99644935
4169,-0.99976701,-0.02158557
4170,0.12712343,-0.99188691
4171,0.97289735,0.23123747
4172,-0.33276156,0.94301099
4173,-0.90256262,-0.43055862
4174,0.52353328,-0.85200524
4175,0.79190511,0.61064416
4176,-0.69091570,0.72293538
4177,-0.64586848,-0.76344866
4178,0.82743078,-0.56156772
4179,0.47097716,0.88214540
4180,-0.92697972,0.37511149
4181,-0.27504447,-0.96143150
4182,0.98511493,-0.17189686
4183,0.06682394,0.99776477
4184,-0.99923933,-0.03899743
4185,0.14438201,-0.98952204
4186,0.96872175,0.24814948
4187,-0.34913757,0.93707150
4188,-0.89492565,-0.44621524
4189,0.53829509,-0.84275639
4190,0.78114802,0.62434590
4191,-0.70340383,0.71079046
4192,-0.63247180,-0.77458340
4193,0.83708733,-0.54706925
4194,0.45553938,0.89021564
4195,-0.93337321,0.35890728
4196,-0.25825533,-0.96607667
4197,0.98795980,-0.15471080
4198,0.04943347,0.99877739
4199,-0.99840838,-0.05639754
4200,0.16159686,-0.98685688
4201,0.96425217,0.26498628
4202,-0.36540774,0.93084759
4203,-0.88701713,-0.46173650
4204,0.55289364,-0.83325183
4205,0.77015382,0.63785821
4206,-0.71567857,0.69842982
4207,-0.61888313,-0.78548306
4208,0.84648991,-0.53240478
4209,0.43996331,0.89801574
4210,-0.93948352,0.34259412
4211,-0.24138772,-0.97042876
4212,0.99050486,-0.13747773
4213,0.03202792,0.99948698
4214,-0.99727452,-0.07378060
4215,0.17876276,-0.98389220
4216,0.95949000,0.28174272
4217,-0.38156706,0.92434114
4218,-0.87883937,-0.47711772
4219,0.56732452,-0.82349432
4220,0.75892586,0.65117705
4221,-0.72773618,0.68585718
4222,-0.60510659,-0.79614449
4223,0.85563564,-0.51757866
4224,0.42425367,0.90554339
4225,-0.94530874,0.32617688
4226,-0.22444682,-0.97448635
4227,0.99274933,-0.12020285
4228,0.01461259,0.99989325
4229,-0.99583799,-0.09114135
4230,0.19587447,-0.98062897
4231,0.95443660,0.29841372
4232,-0.39761066,0.91755420
4233,-0.87039495,-0.49235421
4234,0.58158320,-0.81348693
4235,0.74746758,0.66429830
4236,-0.73957306,0.67307633
4237,-0.59114641,-0.80656427
4238,0.86452174,-0.50259542
4239,0.40841520,0.91279626
4240,-0.95084715,0.30966061
4241,-0.20743771,-0.97824824
4242,0.99469256,-0.10289143
4243,-0.00280726,0.99999607
4244,-0.99409926,-0.10847452
4245,0.21292682,-0.97706813
4246,0.94909358,0.31499428
4247,-0.41353369,0.91048884
4248,-0.86168629,-0.50744134
4249,0.59566551,-0.80323255
4250,0.73578238,0.67721808
4251,-0.75118548,0.66009116
4252,-0.57700670,-0.81673938
4253,0.87314552,-0.48745960
4254,0.39245275,0.91977215
4255,-0.95609701,0.29305029
4256,-0.19036558,-0.98171329
4257,0.99633402,-0.08554871
4258,-0.02022633,0.99979544
4259,-0.99205881,-0.12577485
4260,0.22991462,-0.97321081
4261,0.94346249,0.33147928
4262,-0.42933127,0.90314710
4263,-0.85271615,-0.52237457
4264,0.60956717,-0.79273444
4265,0.72387385,0.68993235
4266,-0.76257002,0.64690566
4267,-0.56269187,-0.82666671
4268,0.88150442,-0.47217578
4269,0.37637112,0.92646897
4270,-0.96105677,0.27635098
4271,-0.17323563,-0.98488039
4272,0.99767303,-0.06817996
4273,-0.03763934,0.99929136
4274,-0.98971730,-0.14303707
4275,0.24683273,-0.96905810
4276,0.93754506,0.34786379
4277,-0.44499865,0.89553124
4278,-0.84348714,-0.53714937
4279,0.62328380,-0.78199571
4280,0.71174562,0.70243728
4281,-0.77372324,0.63352376
4282,-0.54820621,-0.83634317
4283,0.88959581,-0.45674857
4284,0.36017519,0.93288469
4285,-0.96572489,0.25956774
4286,-0.15605301,-0.98774868
4287,0.99870932,-0.05079044
4288,-0.05504100,0.99848408
4289,-0.98707551,-0.16025597
4290,0.26367599,-0.96461129
4291,0.93134314,0.36414278
4292,-0.46053103,0.88764358
4293,-0.83400214,-0.55176121
4294,0.63681144,-0.77101958
4295,0.69940138,0.71472913
4296,-0.78464162,0.61994958
4297,-0.53355414,-0.84576589
4298,0.89741731,-0.44118273
4299,0.34386992,0.93901730
4300,-0.97009999,0.24270563
4301,-0.13882296,-0.99031723
4302,0.99944258,-0.03338543
4303,-0.07242604,0.99737376
4304,-0.98413408,-0.17742629
4305,0.28043932,-0.95987177
4306,0.92485851,0.38031134
4307,-0.47592375,0.87948656
4308,-0.82426405,-0.56620562
4309,0.65014583,-0.75980949
4310,0.68684477,0.72680414
4311,-0.79532200,0.60618716
4312,-0.51874006,-0.85493201
4313,0.90496647,-0.42548293
4314,0.32746020,0.94486499
4315,-0.97418070,0.22576980
4316,-0.12155072,-0.99258524
4317,0.99987245,-0.01597021
4318,-0.08978916,0.99596077
4319,-0.98089403,-0.19454287
4320,0.29711762,-0.95484090
4321,0.91809320,0.39636457
4322,-0.49117208,0.87106258
4323,-0.81427574,-0.58047831
4324,0.66328293,-0.74836868
4325,0.67407972,0.73865861
4326,-0.80576104,0.59224075
4327,-0.50376856,-0.86383867
4328,0.91224104,-0.40965393
4329,0.31095102,0.95042592
4330,-0.97796577,0.20876539
4331,-0.10424151,-0.99455202
4332,0.99999893,0.00144992
4333,-0.10712511,0.99424553
4334,-0.97735626,-0.21160047
4335,0.31370583,-0.94952023
4336,0.91104925,0.41229755
4337,-0.50627142,0.86237419
4338,-0.80404025,-0.59457487
4339,0.67621887,-0.73670077
4340,0.66110998,0.75028896
4341,-0.81595558,0.57811457
4342,-0.48864403,-0.87248325
4343,0.91923875,-0.39370054
4344,0.29434744,0.95569849
4345,-0.98145407,0.19169755
4346,-0.08690058,-0.99621701
4347,0.99982196,0.01886970
4348,-0.12442863,0.99222857
4349,-0.97352189,-0.22859393
4350,0.33019888,-0.94391137
4351,0.90372878,0.42810550
4352,-0.52121717,0.85342407
4353,-0.79356074,-0.60849106
4354,0.68894964,-0.72480923
4355,0.64793962,0.76169169
4356,-0.82590258,0.56381285
4357,-0.47337118,-0.88086307
4358,0.92595756,-0.37762758
4359,0.27765444,0.96068102
4360,-0.98464453,0.17457145
4361,-0.06953322,-0.99757963
4362,0.99934155,0.03628382
4363,-0.14169446,0.98991042
4364,-0.96939200,-0.24551807
4365,0.34659180,-0.93801606
4366,0.89613396,0.44378358
4367,-0.53600484,0.84421492
4368,-0.78284031,-0.62222266
4369,0.70147133,-0.71269768
4370,0.63457251,0.77286333
4371,-0.83559895,0.54933995
4372,-0.45795459,-0.88897556
4373,0.93239540,-0.36143997
4374,0.26087710,0.96537203
4375,-0.98753613,0.15739231
4376,-0.05214468,-0.99863952
4377,0.99855781,0.05368700
4378,-0.15891737,0.98729187
4379,-0.96496797,-0.26236778
4380,0.36287963,-0.93183601
4381,0.88826722,0.45932707
4382,-0.55062991,0.83474952
4383,-0.77188230,-0.63576543
4384,0.71378022,-0.70036972
4385,0.62101281,0.78380042
4386,-0.84504175,0.53470027
4387,-0.44239897,-0.89681834
4388,0.93855023,-0.34514260
4389,0.24402052,0.96977007
4390,-0.99012810,0.14016533
4391,-0.03474023,-0.99939638
4392,0.99747103,0.07107396
4393,-0.17609212,0.98437369
4394,-0.96025103,-0.27913797
4395,0.37905738,-0.92537320
4396,0.88013083,0.47473121
4397,-0.56508785,0.82503074
4398,-0.76068997,-0.64911538
4399,0.72587258,-0.68782920
4400,0.60726452,0.79449970
4401,-0.85422814,0.51989830
4402,-0.42670900,-0.90438896
4403,0.94442034,-0.32874042
4404,0.22708981,0.97387379
4405,-0.99241960,0.12289573
4406,-0.01732517,-0.99984992
4407,0.99608153,0.08843943
4408,-0.19321349,0.98115677
4409,-0.95524263,-0.29582348
4410,0.39512014,-0.91862947
4411,0.87172729,0.48999134
4412,-0.57937443,0.81506151
4413,-0.74926674,-0.66226834
4414,0.73774463,-0.67507988
4415,0.59333193,0.80495793
4416,-0.86315536,0.50493842
4417,-0.41088948,-0.91168517
4418,0.95000380,-0.31223837
4419,0.21009012,0.97768205
4420,-0.99440986,0.10558876
4421,0.00009522,-1.00000000
4422,0.99438977,0.10577814
4423,-0.21027631,0.97764200
4424,-0.94994432,-0.31241930
4425,0.41106308,-0.91160691
4426,0.86305916,0.50510281
4427,-0.59348524,0.80484486
4428,-0.73761606,-0.67522037
4429,0.74939287,-0.66212565
4430,0.57921916,0.81517184
4431,-0.87182063,0.48982528
4432,-0.39494517,-0.91870469
4433,0.95529896,-0.29564151
4434,0.19302657,0.98119354
4435,-0.99609840,0.08824967
4436,0.01751566,-0.99984658
4437,0.99239618,0.12308481
4438,-0.22727537,0.97383052
4439,-0.94435763,-0.32892036
4440,0.42688134,-0.90430766
4441,0.85412908,0.52006108
4442,-0.60741597,0.79438394
4443,-0.72574145,-0.68796754
4444,0.76081371,-0.64897037
4445,0.56493062,0.82513845
4446,-0.88022131,0.47456339
4447,-0.37888092,-0.92544544
4448,0.96030420,-0.27895486
4449,0.17590438,0.98440725
4450,-0.99748456,0.07088372
4451,0.03493086,-0.99938971
4452,0.99010134,0.14035420
4453,-0.24420553,0.96972352
4454,-0.93848437,-0.34532169
4455,0.44257009,-0.89673394
4456,0.84493971,0.53486156
4457,-0.62116241,0.78368187
4458,-0.71364653,-0.70050597
4459,0.77200365,-0.63561809
4460,0.55047047,0.83485460
4461,-0.88835490,0.45915741
4462,-0.36270162,-0.93190533
4463,0.96501803,-0.26218346
4464,0.15872873,0.98732221
4465,-0.99856806,0.05349619
4466,0.05233553,-0.99862957
4467,0.98750603,0.15758108
4468,-0.26106167,0.96532214
4469,-0.93232626,-0.36161825
4470,0.45812461,-0.88888800
4471,0.83549386,0.54949981
4472,-0.63472039,0.77274191
4473,-0.70133495,-0.71283185
4474,0.78295940,-0.62207282
4475,0.53584325,0.84431750
4476,-0.89621896,0.44361201
4477,-0.34641218,-0.93808240
4478,0.96943903,-0.24533240
4479,0.14150482,0.98993754
4480,-0.99934846,0.03609234
4481,0.06972440,-0.99756628
4482,0.98461103,0.17476019
4483,-0.27783862,0.96062779
4484,-0.92588514,-0.37780514
4485,0.47354013,-0.88077223
4486,0.82579440,0.56397128
4487,-0.64808577,0.76156735
4488,-0.68881047,-0.72494143
4489,0.79367751,-0.60833871
4490,0.52105331,0.85352415
4491,-0.90381098,0.42793190
4492,-0.33001754,-0.94397479
4493,0.97356576,-0.22840683
4494,0.12423790,0.99225247
4495,-0.99982554,0.01867746
4496,0.08709218,-0.99620026
4497,0.98141718,0.19188635
4498,-0.29453132,0.95564181
4499,-0.91916299,-0.39387745
4500,0.48881200,-0.87238914
4501,0.81584424,0.57827169
4502,-0.66125453,0.75016165
4503,-0.67607689,-0.73683107
4504,0.80415481,-0.59441990
4505,0.50610512,0.86247176
4506,-0.91112876,0.41212186
4507,-0.31352264,-0.94958073
4508,0.97739708,-0.21141186
4509,0.10693320,0.99426621
4510,-0.99999923,0.00125684
4511,0.10443360,-0.99453187
4512,0.97792542,0.20895433
4513,-0.31113473,0.95036584
4514,-0.91216183,-0.40983027
4515,0.50393558,-0.86374122
4516,0.80564648,0.59239662
4517,-0.67422265,0.73852819
4518,-0.66313809,-0.74849707
4519,0.81438810,-0.58032060
4520,0.49100333,0.87115771
4521,-0.91816998,0.39618665
4522,-0.29693252,-0.95489848
4523,0.98093170,-0.19435266
4524,0.08959597,0.99597818
4525,-0.99986935,-0.01616423
4526,0.12174339,-0.99256164
4527,0.97413683,0.22595897
4528,-0.32764372,0.94480133
4529,-0.90488374,-0.42565876
4530,0.51890630,-0.85483116
4531,0.79520410,0.60634184
4532,-0.68698615,0.72667050
4533,-0.64999795,-0.75993598
4534,0.82437426,-0.56604511
4535,0.47575244,0.87957925
4536,-0.92493260,0.38013113
4537,-0.28025222,-0.95992643
4538,0.98416865,-0.17723438
4539,0.07223146,0.99738789
4540,-0.99943602,-0.03358048
4541,0.13901632,-0.99029011
4542,0.97005254,0.24289511
4543,-0.34405339,0.93895006
4544,-0.89733106,-0.44135815
4545,0.53371954,-0.84566152
4546,0.78452033,0.62010306
4547,-0.69954121,0.71459222
4548,-0.63666040,-0.77114427
4549,0.83411026,-0.55159777
4550,0.46035707,0.88773382
4551,-0.93141454,0.36396018
4552,-0.26348677,-0.96466303
4553,0.98710692,-0.16006225
4554,0.05484496,0.99849486
4555,-0.99869931,-0.05098661
4556,0.15624711,-0.98771799
4557,0.96567386,0.25975758
4558,-0.36035869,0.93281382
4559,-0.88950592,-0.45692363
4560,0.54837090,-0.83623523
4561,0.77359843,0.63367617
4562,-0.71188402,0.70229703
4563,-0.62312961,-0.78211856
4564,0.84359306,-0.53698295
4565,0.44482189,0.89561903
4566,-0.93761373,0.34767866
4567,-0.24664129,-0.96910685
4568,0.98974556,-0.14284146
4569,0.03744174,0.99929881
4570,-0.99765950,-0.06837733
4571,0.17343056,-0.98484612
4572,0.96100205,0.27654129
4573,-0.37655467,0.92639440
4574,-0.88141078,-0.47235051
4575,0.56285584,-0.82655507
4576,0.76244164,0.64705700
4577,-0.72401083,0.68978858
4578,-0.60940963,-0.79285550
4579,0.85281992,-0.52220511
4580,0.42915165,0.90323246
4581,-0.94352841,0.33129156
4582,-0.22972088,-0.97325653
4583,0.99208385,-0.12557724
4584,0.02002708,0.99979943
4585,-0.99631691,-0.08574738
4586,0.19056144,-0.98167527
4587,0.95603853,0.29324114
4588,-0.39263645,0.91969377
4589,-0.87304813,-0.48763406
4590,0.57717001,-0.81662399
4591,0.75105339,0.66024143
4592,-0.73591793,0.67707074
4593,-0.59550464,-0.80335188
4594,0.86178797,-0.50726867
4595,0.41335109,0.91057175
4596,-0.94915676,0.31480384
4597,-0.21273066,-0.97711086
4598,0.99412102,-0.10827482
4599,0.00260627,0.99999660
4600,-0.99467188,-0.10309148
4601,0.20763457,-0.97820646
4602,0.95078480,0.30985206
4603,-0.40859911,0.91271394
4604,-0.86442041,-0.50276971
4605,0.59130907,-0.80644500
4606,0.73943716,0.67322558
4607,-0.74760169,0.66414732
4608,-0.58141881,-0.81360441
4609,0.87049448,-0.49217820
4610,0.39742500,0.91763467
4611,-0.95449704,0.29822049
4612,-0.19567581,-0.98066866
4613,0.99585640,-0.09093947
4614,-0.01481541,0.99989027
4615,-0.99272496,-0.12040436
4616,0.22464474,-0.97444075
4617,0.94524246,0.32636899
4618,-0.42443782,0.90545708
4619,-0.85553026,-0.51775277
4620,0.60526872,-0.79602122
4621,0.72759640,0.68600541
4622,-0.75905859,0.65102232
4623,-0.56715643,-0.82361007
4624,0.87893677,-0.47693828
4625,0.38137820,0.92441911
4626,-0.95954758,0.28154656
4627,-0.17856148,-0.98392874
4628,0.99728960,-0.07357644
4629,-0.03223267,0.99948037
4630,-0.99047667,-0.13768077
4631,0.24158679,-0.97037923
4632,0.93941319,0.34278694
4633,-0.44014776,0.89792538
4634,-0.84638041,-0.53257877
4635,0.61904472,-0.78535575
4636,0.71553481,0.69857711
4637,-0.77028519,0.63769960
4638,-0.55272192,-0.83336580
4639,0.88711238,-0.46155351
4640,0.36521557,0.93092299
4641,-0.96430689,0.26478708
4642,-0.16139288,-0.98689026
4643,0.99842006,-0.05619101
4644,-0.04964022,0.99876714
4645,-0.98792773,-0.15491545
4646,0.25845557,-0.96602315
4647,0.93329871,0.35910091
4648,-0.45572418,0.89012104
4649,-0.83697367,-0.54724318
4650,0.63263285,-0.77445185
4651,0.70325589,0.71093678
4652,-0.78127795,0.62418324
4653,-0.53811949,-0.84286857
4654,0.89501870,-0.44602862
4655,0.34894204,0.93714434
4656,-0.96877354,0.24794717
4657,-0.14417522,-0.98955220
4658,0.99924743,-0.03878845
4659,-0.06703278,0.99775076
4660,-0.98507893,-0.17210320
4661,0.27524599,-0.96137381
4662,0.92690098,0.37530595
4663,-0.47116235,0.88204652
4664,-0.82731277,-0.56174153
4665,0.64602900,-0.76331288
4666,0.69076353,0.72308075
4667,-0.79203367,0.61047739
4668,-0.52335370,-0.85211557
4669,0.90265340,-0.43036824
4670,0.33256251,0.94308120
4671,-0.97294617,0.23103194
4672,-0.12691373,-0.99191374
4673,0.99977154,-0.02137403
4674,-0.08440506,0.99643153
4675,-0.98193109,-0.18923877
4676,0.29195297,-0.95643270
4677,0.92022187,0.39139715
4678,-0.48645756,0.87370420
4679,-0.81740075,-0.57606947
4680,0.65922916,-0.75194210
4681,0.67806143,0.73500526
4682,-0.80254900,0.59658617
4683,-0.50842899,-0.86110395
4684,0.91001415,-0.41457719
4685,0.31608194,0.94873190
4686,-0.97682345,0.21404649
4687,-0.10961363,-0.99397427
4688,0.99999219,-0.00395305
4689,-0.10175180,0.99480981
4690,-0.97848523,-0.20631699
4691,0.30857137,-0.95120120
4692,0.91326338,0.40736961
4693,-0.50160515,0.86509669
4694,-0.80724055,-0.59022254
4695,0.67222923,-0.74034303
4696,0.66515344,0.74670672
4697,-0.81282079,0.58251381
4698,-0.49334988,-0.86983097
4699,0.91709870,-0.39866021
4700,0.29950538,0.95409459
4701,-0.98040432,0.19699600
4702,-0.09228019,-0.99573308
4703,0.99990928,0.01346920
4704,-0.11906772,0.99288613
4705,-0.97474229,-0.22333264
4706,0.32509616,-0.94568098
4707,0.90602767,0.42321849
4708,-0.51660061,0.85622650
4709,-0.79683530,-0.60419661
4710,0.68502533,-0.72851926
4711,0.65204346,0.75818157
4712,-0.82284588,0.56826460
4713,-0.47812095,-0.87829399
4714,0.92390490,-0.38262215
4715,0.28283784,0.95916772
4716,-0.98368752,0.17988564
4717,-0.07491866,-0.99718964
4718,0.99952286,0.03088743
4719,-0.13634758,0.99066108
4720,-0.97070348,-0.24028058
4721,0.34152237,-0.93987364
4722,0.89851689,0.43893895
4723,-0.53143924,0.84709638
4724,-0.78618813,-0.61798728
4725,0.69761360,-0.71647424
4726,0.63873553,0.76942635
4727,-0.83262128,0.55384278
4728,-0.46274680,-0.88649046
4729,0.93043071,-0.36646789
4730,0.26608437,0.96394974
4731,-0.98667216,0.16272061
4732,-0.05753433,-0.99834353
4733,0.99883306,0.04829637
4734,-0.15358612,0.98813528
4735,-0.96636999,-0.25715566
4736,0.35784495,-0.93378103
4737,0.89073336,0.45452625
4738,-0.54611671,0.83770913
4739,-0.77530223,-0.63159043
4740,0.70999008,-0.70421165
4741,0.62523371,0.78043759
4742,-0.84214389,0.53925282
4743,-0.44723216,-0.89441794
4744,0.93667406,-0.35020229
4745,0.24925005,0.96843916
4746,-0.98935735,0.14550611
4747,-0.04013244,-0.99919438
4748,0.99784005,0.06569072
4749,-0.17077813,0.98530948
4750,-0.96174318,-0.27395275
4751,0.37405899,-0.92740488
4752,0.88267940,0.46997565
4753,-0.56062841,0.82806748
4754,-0.76418096,-0.64500189
4755,0.72215116,-0.69173533
4756,0.61154199,0.79121202
4757,-0.85141098,0.52449912
4758,-0.43158168,-0.90207386
4759,0.94263315,-0.33383036
4760,0.23234001,0.97263461
4761,-0.99174219,0.12824737
4762,-0.02271831,-0.99974191
4763,0.99654412,0.08306520
4764,-0.18791835,0.98218465
4765,-0.95682436,-0.29066676
4766,0.39015958,-0.92074728
4767,0.87435746,0.48528245
4768,-0.57497001,0.81817448
4769,-0.75282770,-0.65821767
4770,0.73409301,-0.67904890
4771,0.59766454,0.80174625
4772,-0.86041969,0.50958610
4773,-0.41580012,-0.90945601
4774,0.94830614,-0.31735700
4775,0.21535936,0.97653484
4776,-0.99382603,0.11094962
4777,-0.00529720,-0.99998599
4778,0.99494570,0.10041455
4779,-0.20500162,0.97876161
4780,-0.95161510,-0.30729258
4781,0.40614179,-0.91381007
4782,0.86577004,0.50044203
4783,-0.58913714,0.80803311
4784,-0.74124581,-0.67123365
4785,0.74581212,-0.66615635
4786,0.58360565,0.81203723
4787,-0.86916721,0.49451837
4788,-0.39989227,-0.91656214
4789,0.95369124,-0.30078724
4790,0.19831327,0.98013866
4791,-0.99560815,0.09361812
4792,0.01212559,-0.99992651
4793,0.99304521,0.11773349
4794,-0.22202273,0.97504151
4795,-0.94611692,-0.32382521
4796,0.42200077,-0.90659547
4797,0.85691983,0.51544970
4798,-0.60312545,0.79764634
4799,-0.72943890,-0.68404597
4800,0.75730491,-0.65306151
4801,0.56936955,0.82208169
4802,-0.87765092,0.47930044
4803,-0.38386297,-0.92339009
4804,0.95878690,-0.28412610
4805,0.18120690,0.98344499
4806,-0.99708813,0.07625812
4807,0.02954477,-0.99956346
4808,0.99084330,0.13501675
4809,-0.23897651,0.97102535
4810,-0.94033152,-0.34025964
4811,0.43773171,-0.89910567
4812,0.84780943,0.53030103
4813,-0.61693078,0.78701741
4814,-0.71741050,-0.69665068
4815,0.76856780,-0.63976836
4816,0.55496055,0.83187670
4817,-0.88586825,0.46393692
4818,-0.36771706,-0.92993772
4819,0.96359152,-0.26737863
4820,0.16404545,0.98645276
4821,-0.99826539,0.05887491
4822,0.04695506,-0.99889702
4823,0.98834062,0.15225913
4824,-0.25585783,0.96671444
4825,-0.93426067,-0.35659081
4826,0.45332986,-0.89134282
4827,0.83844161,0.54499143
4828,-0.63054889,0.77614957
4829,-0.70516431,-0.70904398
4830,0.77959746,-0.62628090
4831,0.54038298,0.84141916
4832,-0.89381671,0.44843253
4833,-0.35145947,-0.93620312
4834,0.96810371,-0.25054994
4835,0.14683414,0.98916113
4836,-0.99913961,0.04147374
4837,0.06435117,-0.99792731
4838,0.98553789,0.16945533
4839,-0.27266154,0.96211004
4840,-0.92790616,-0.37281382
4841,0.46879044,-0.88330942
4842,0.82881927,0.55951643
4843,-0.64397562,0.76504600
4844,-0.69270396,-0.72122204
4845,0.79039049,-0.61260331
4846,0.52564132,0.85070628
4847,-0.90149385,0.43279195
4848,-0.33509514,-0.94218433
4849,0.97232193,-0.23364511
4850,0.12957817,0.99156922
4851,-0.99971050,0.02405991
4852,0.08172783,-0.99665469
4853,0.98243594,0.18660018
4854,-0.28938255,0.95721352
4855,-0.92126995,-0.38892370
4856,0.48410878,-0.87500781
4857,0.81894523,0.57387167
4858,-0.65720695,0.75371021
4859,-0.68003327,-0.73318124
4860,0.80094367,-0.59873974
4861,0.51074004,0.85973519
4862,-0.90889734,0.41701990
4863,-0.31862897,-0.94787949
4864,0.97624505,-0.21666928
4865,0.11228280,0.99367630
4866,-0.99997795,0.00663871
4867,0.09907974,-0.99507952
4868,0.97903574,0.20368846
4869,-0.30601579,0.95202643
4870,-0.91435409,-0.40491560
4871,0.49928024,-0.86644053
4872,0.80882257,0.58805275
4873,-0.67023879,0.74214548
4874,-0.66715610,-0.74491793
4875,0.81125373,-0.58469427
4876,0.49568367,0.86850315
4877,-0.91602498,0.40112120
4878,-0.30206603,-0.95328701
4879,0.97987187,-0.19962759
4880,0.09495326,0.99548173
4881,-0.99994183,-0.01078459
4882,0.11640165,-0.99320221
4883,0.97533834,0.22071497
4884,-0.32255620,0.94655031
4885,-0.90716058,-0.42078465
4886,0.51430017,-0.85761023
4887,0.79845434,0.60205537
4888,-0.68306726,0.73035550
4889,-0.65407634,-0.75642854
4890,0.82131755,-0.57047129
4891,0.48047674,0.87700748
4892,-0.92287457,0.38510066
4893,-0.28541133,-0.95840514
4894,0.98320115,-0.18252525
4895,0.07759482,0.99698496
4896,-0.99960214,-0.02820469
4897,0.13368830,-0.99102342
4898,0.97134483,0.23767455
4899,-0.33899876,0.94078684
4900,-0.89969164,-0.43652603
4901,0.52916408,-0.84851950
4902,0.78784370,0.61587524
4903,-0.69568843,0.71834368
4904,-0.64079797,-0.76770955
4905,0.83113205,-0.55607504
4906,0.46512389,0.88524562
4907,-0.92944402,0.36896315
4908,-0.26866987,-0.96323234
4909,0.98623204,-0.16536741
4910,0.06021276,0.99818558
4911,-0.99895906,-0.04561630
4912,0.15093444,-0.98854375
4913,0.96705645,0.25456205
4914,-0.35533848,0.93473768
4915,-0.89194953,-0.45213497
4916,0.54386735,-0.83917117
4917,0.77699381,0.62950826
4918,-0.70809841,0.70611376
4919,-0.62732500,-0.77875757
4920,0.84069437,-0.54150993
4921,0.44962975,0.89321500
4922,-0.93573135,0.35271356
4923,-0.25184682,-0.96776712
4924,0.98896348,-0.14815930
4925,0.04281234,0.99908310
4926,-0.99801266,-0.06301414
4927,0.16813484,-0.98576403
4928,0.96247447,0.27137235
4929,-0.37157041,0.92840481
4930,-0.88393664,-0.46760669
4931,0.55840564,-0.82956803
4932,0.76590800,0.64295024
4933,-0.72029346,0.69366944
4934,-0.61366153,-0.78956920
4935,0.85000145,-0.52678037
4936,0.43399906,0.90091330
4937,-0.94173461,0.33635682
4938,-0.23494722,-0.97200811
4939,0.99139476,-0.13090613
4940,0.02539885,0.99967742
4941,-0.99676323,-0.08039292
4942,0.18528426,-0.98268497
4943,0.95760024,0.28810033
4944,-0.38768959,0.92179000
4945,-0.87565535,-0.48293656
4946,0.57277441,-0.81971300
4947,0.75458962,0.65619701
4948,-0.73226994,0.68101448
4949,-0.59981173,-0.80014116
4950,0.85905051,-0.51189083
4951,0.41823655,0.90833813
4952,-0.94745201,0.31989789
4953,-0.21797623,-0.97595406
4954,0.99352509,-0.11361316
4955,0.00797757,0.99996817
4956,-0.99521124,-0.09774737
4957,0.20237750,-0.97930759
4958,0.95243526,0.30474094
4959,-0.40369114,0.91489536
4960,-0.86710817,-0.49811983
4961,0.58696944,-0.80960912
4962,0.74304205,0.66924471
4963,-0.74402416,0.66815269
4964,-0.58577973,-0.81047028
4965,0.86783886,-0.49684581
4966,0.40234700,0.91548723
4967,-0.95288181,0.30334178
4968,-0.20093898,-0.97960377
4969,0.99535376,-0.09628561
4970,-0.00944620,0.99995536
4971,-0.99335712,-0.11507222
4972,0.21940938,-0.97563291
4973,0.94698119,0.32128906
4974,-0.41957021,0.90772289
4975,-0.85829777,-0.51315200
4976,0.60098624,-0.79925936
4977,0.73126894,0.68208927
4978,-0.75555259,0.65508801
4979,-0.57156986,-0.82055342
4980,0.87636375,-0.48164988
4981,0.38633525,0.92235845
4982,-0.95802236,0.28669351
4983,-0.18384068,-0.98295605
4984,0.99688023,-0.07892876
4985,-0.02686718,0.99963903
4986,-0.99120140,-0.13236222
4987,0.23637472,-0.97166198
4988,0.94123954,0.33773977
4989,-0.43532196,0.90027481
4990,-0.84922671,-0.52802837
4991,0.61482072,-0.78866690
4992,0.71927375,0.69472677
4993,-0.76685160,0.64182442
4994,-0.55718642,-0.83038747
4995,0.88462263,-0.46630767
4996,0.37020612,0.92894965
4997,-0.96287209,0.26995811
4998,-0.16668648,-0.98600996
4999,0.99810416,-0.06154788
